/*
 Navicat Premium Data Transfer

 Source Server         : 10.216.15.10
 Source Server Type    : MySQL
 Source Server Version : 80404
 Source Host           : 10.216.15.10:3306
 Source Schema         : ecs_db

 Target Server Type    : MySQL
 Target Server Version : 80404
 File Encoding         : 65001

 Date: 12/09/2025 15:10:28
*/

SET NAMES utf8mb4;
SET FOREIGN_KEY_CHECKS = 0;

-- ----------------------------
-- Table structure for area
-- ----------------------------
DROP TABLE IF EXISTS `area`;
CREATE TABLE `area`  (
  `area_id` bigint unsigned NOT NULL,
  `building_id` bigint unsigned NOT NULL,
  `auditor_id` int(0) NOT NULL,
  `area_name` varchar(255) CHARACTER SET utf8mb4 COLLATE utf8mb4_0900_ai_ci NOT NULL,
  `area_control` varchar(255) CHARACTER SET utf8mb4 COLLATE utf8mb4_0900_ai_ci NULL DEFAULT NULL,
  `x_coords` decimal(11, 7) NULL DEFAULT NULL,
  `y_coords` decimal(11, 7) NULL DEFAULT NULL,
  `status` varchar(50) CHARACTER SET utf8mb4 COLLATE utf8mb4_0900_ai_ci NULL DEFAULT NULL,
  `created_at` timestamp(0) NOT NULL DEFAULT CURRENT_TIMESTAMP,
  `created_by` bigint unsigned NULL,
  `updated_at` timestamp(0) NOT NULL DEFAULT CURRENT_TIMESTAMP ON UPDATE CURRENT_TIMESTAMP(0),
  `updated_by` bigint unsigned NULL,
  PRIMARY KEY (`area_id`) USING BTREE
) ENGINE = InnoDB AUTO_INCREMENT = 98 CHARACTER SET = utf8mb4 COLLATE = utf8mb4_0900_ai_ci ROW_FORMAT = Dynamic;

-- ----------------------------
-- Records of area
-- ----------------------------
INSERT INTO `area` VALUES (1, 1, 0, 'Guest Room 1', 'Guest Room 1-1756734471', 324.0000000, 415.0000000, 'NG', '2025-09-01 01:47:51', NULL, '2025-09-12 18:20:56', NULL);
INSERT INTO `area` VALUES (2, 1, 0, 'IDM - Compo', 'IDM - Compo-1756739727', NULL, NULL, 'OK', '2025-09-01 03:15:27', NULL, '2025-09-12 08:02:49', NULL);
INSERT INTO `area` VALUES (3, 1, 0, 'Admin Office', 'Admin Office-1756739769', 449.0000000, 430.0000000, 'OK', '2025-09-01 03:16:09', NULL, '2025-09-12 08:02:45', NULL);
INSERT INTO `area` VALUES (4, 1, 0, 'Admin Storage', 'Admin Storage-1756739829', 390.0000000, 420.0000000, 'OK', '2025-09-01 03:17:09', NULL, '2025-09-12 08:02:45', NULL);
INSERT INTO `area` VALUES (5, 2, 0, 'Automation', 'Automation-1756739863', NULL, NULL, 'OK', '2025-09-01 03:17:43', NULL, '2025-09-12 08:02:49', NULL);
INSERT INTO `area` VALUES (6, 1, 0, 'Cleanroom 1', 'Cleanroom 1-1756739874', NULL, NULL, 'OK', '2025-09-01 03:17:54', NULL, '2025-09-12 08:02:49', NULL);
INSERT INTO `area` VALUES (7, 2, 0, 'Cleanroom 2/3', 'Cleanroom 2/3-1756739889', NULL, NULL, 'OK', '2025-09-01 03:18:09', NULL, '2025-09-12 08:02:49', NULL);
INSERT INTO `area` VALUES (8, 3, 0, 'Cleanroom 4/5', 'Cleanroom 4/5-1756739909', NULL, NULL, 'OK', '2025-09-01 03:18:29', NULL, '2025-09-12 08:02:49', NULL);
INSERT INTO `area` VALUES (9, 1, 0, 'Corporate-Planning', 'Corporate-Planning-1756739920', NULL, NULL, 'OK', '2025-09-01 03:18:40', NULL, '2025-09-12 08:02:49', NULL);
INSERT INTO `area` VALUES (10, 2, 0, 'DC1/ DC2', 'DC1/ DC2-1756739934', NULL, NULL, 'OK', '2025-09-01 03:18:54', NULL, '2025-09-12 08:02:49', NULL);
INSERT INTO `area` VALUES (11, 3, 0, 'DCC', 'DCC-1756739949', NULL, NULL, 'OK', '2025-09-01 03:19:09', NULL, '2025-09-12 08:02:49', NULL);
INSERT INTO `area` VALUES (12, 4, 0, 'Diecast', 'Diecast-1756739992', 1043.0000000, 177.0000000, 'OK', '2025-09-01 03:19:52', NULL, '2025-09-12 08:02:45', NULL);
INSERT INTO `area` VALUES (13, 4, 0, 'Diecast QA', 'Diecast QA-1756740007', 1189.0000000, 240.0000000, 'OK', '2025-09-01 03:20:07', NULL, '2025-09-12 08:02:45', NULL);
INSERT INTO `area` VALUES (14, 2, 0, 'Facilities Storage', 'Facilities Storage-1756740018', NULL, NULL, 'OK', '2025-09-01 03:20:18', NULL, '2025-09-12 08:02:49', NULL);
INSERT INTO `area` VALUES (15, 1, 0, 'Gate 1', 'Gate 1-1756740046', 499.0000000, 563.0000000, 'OK', '2025-09-01 03:20:46', NULL, '2025-09-12 08:02:45', NULL);
INSERT INTO `area` VALUES (16, 2, 0, 'IQA/ SQE', 'IQA/ SQE-1756740062', NULL, NULL, 'OK', '2025-09-01 03:21:02', NULL, '2025-09-12 08:02:49', NULL);
INSERT INTO `area` VALUES (17, 1, 0, 'ISD/MIS/ Server Rm', 'ISD/MIS/ Server Rm-1756740090', NULL, NULL, 'OK', '2025-09-01 03:21:30', NULL, '2025-09-12 08:02:48', NULL);
INSERT INTO `area` VALUES (18, 3, 0, 'Lathe Machining', 'Lathe Machining-1756740102', NULL, NULL, 'OK', '2025-09-01 03:21:42', NULL, '2025-09-12 08:02:49', NULL);
INSERT INTO `area` VALUES (19, 1, 0, 'Lobby', 'Lobby-1756740112', NULL, NULL, 'OK', '2025-09-01 03:21:52', NULL, '2025-09-12 08:02:48', NULL);
INSERT INTO `area` VALUES (20, 3, 0, 'Machining BCPA', 'Machining BCPA-1756740142', NULL, NULL, 'OK', '2025-09-01 03:22:22', NULL, '2025-09-12 08:02:48', NULL);
INSERT INTO `area` VALUES (21, 1, 0, 'MIS/ ISD Office', 'MIS/ ISD Office-1756740168', 382.0000000, 366.0000000, 'OK', '2025-09-05 04:31:24', NULL, '2025-09-12 08:02:45', NULL);
INSERT INTO `area` VALUES (22, 3, 0, 'NPI', 'NPI-1756740178', NULL, NULL, 'OK', '2025-09-01 03:22:58', NULL, '2025-09-12 08:02:48', NULL);
INSERT INTO `area` VALUES (23, 3, 0, 'PED', 'PED-1756740190', NULL, NULL, 'OK', '2025-09-01 03:23:10', NULL, '2025-09-12 08:02:48', NULL);
INSERT INTO `area` VALUES (24, 3, 0, 'Plastic Injection Engg', 'Plastic Injection Engg-1756740206', NULL, NULL, 'OK', '2025-09-01 03:23:26', NULL, '2025-09-12 08:02:48', NULL);
INSERT INTO `area` VALUES (25, 3, 0, 'TDC', 'TDC-1756740218', NULL, NULL, 'OK', '2025-09-01 03:23:38', NULL, '2025-09-12 08:02:48', NULL);
INSERT INTO `area` VALUES (26, 1, 0, 'Guard House', 'Guard House-1756740332', NULL, NULL, 'OK', '2025-09-01 03:25:32', NULL, '2025-09-12 08:02:48', NULL);
INSERT INTO `area` VALUES (27, 1, 0, 'Acctg Storage', 'Acctg Storage-1756740348', 378.0000000, 408.0000000, 'OK', '2025-09-01 03:25:48', NULL, '2025-09-12 08:02:45', NULL);
INSERT INTO `area` VALUES (28, 1, 0, 'Admin & Acctg Office', 'Admin & Acctg Office-1756740418', 335.0000000, 397.0000000, 'OK', '2025-09-01 03:26:58', NULL, '2025-09-12 08:02:45', NULL);
INSERT INTO `area` VALUES (29, 1, 0, 'AHU', 'AHU-1756740445', NULL, NULL, 'OK', '2025-09-01 03:27:25', NULL, '2025-09-12 08:02:48', NULL);
INSERT INTO `area` VALUES (30, 2, 0, 'BCR 4/5', 'BCR 4/5-1756740514', NULL, NULL, 'OK', '2025-09-01 03:28:34', NULL, '2025-09-12 08:02:48', NULL);
INSERT INTO `area` VALUES (31, 3, 0, 'Blank Machining', 'Blank Machining-1756740536', NULL, NULL, 'OK', '2025-09-01 03:28:56', NULL, '2025-09-12 08:02:49', NULL);
INSERT INTO `area` VALUES (32, 4, 0, 'Conference Room', 'Conference Room-1756740561', 1203.0000000, 230.0000000, 'NG', '2025-09-01 03:29:21', NULL, '2025-09-12 09:20:43', NULL);
INSERT INTO `area` VALUES (33, 2, 0, 'CP - Compo', 'CP - Compo-1756740626', NULL, NULL, 'OK', '2025-09-01 03:30:26', NULL, '2025-09-12 08:03:01', NULL);
INSERT INTO `area` VALUES (34, 1, 0, 'CP - Module', 'CP - Module-1756740655', NULL, NULL, 'OK', '2025-09-01 03:30:55', NULL, '2025-09-12 08:03:00', NULL);
INSERT INTO `area` VALUES (35, 1, 0, 'Design', 'Design-1756740667', NULL, NULL, 'OK', '2025-09-01 03:31:07', NULL, '2025-09-12 08:03:00', NULL);
INSERT INTO `area` VALUES (36, 2, 0, 'Finished Goods', 'Finished Goods-1756740681', NULL, NULL, 'OK', '2025-09-01 03:31:21', NULL, '2025-09-12 08:02:59', NULL);
INSERT INTO `area` VALUES (38, 3, 0, 'IPQC/ PIA', 'IPQC/ PIA-1756740709', NULL, NULL, 'OK', '2025-09-01 03:31:49', NULL, '2025-09-12 08:02:58', NULL);
INSERT INTO `area` VALUES (39, 1, 0, 'Mach QA/ Cmm', 'Mach QA/ Cmm-1756740732', NULL, NULL, 'OK', '2025-09-01 03:32:12', NULL, '2025-09-12 08:02:57', NULL);
INSERT INTO `area` VALUES (40, 3, 0, 'Machine Scrap', 'Machine Scrap-1756740763', NULL, NULL, 'OK', '2025-09-01 03:32:43', NULL, '2025-09-12 08:02:57', NULL);
INSERT INTO `area` VALUES (41, 3, 0, 'Machining SPM', 'Machining SPM-1756740801', NULL, NULL, 'OK', '2025-09-01 03:33:21', NULL, '2025-09-12 08:02:56', NULL);
INSERT INTO `area` VALUES (42, 2, 0, 'MB1/MB2', 'MB1/MB2-1756740811', NULL, NULL, 'OK', '2025-09-01 03:33:31', NULL, '2025-09-12 08:02:49', NULL);
INSERT INTO `area` VALUES (43, 3, 0, 'MED', 'MED-1756740828', NULL, NULL, 'OK', '2025-09-01 03:33:48', NULL, '2025-09-12 08:02:54', NULL);
INSERT INTO `area` VALUES (44, 2, 0, 'Packaging 1', 'Packaging 1-1756740840', NULL, NULL, 'OK', '2025-09-01 03:34:00', NULL, '2025-09-12 08:02:53', NULL);
INSERT INTO `area` VALUES (45, 2, 0, 'Packaging 2', 'Packaging 2-1756740848', NULL, NULL, 'OK', '2025-09-01 03:34:08', NULL, '2025-09-12 08:02:52', NULL);
INSERT INTO `area` VALUES (46, 1, 0, 'Server Room', 'Server Room-1756740876', NULL, NULL, 'OK', '2025-09-01 03:34:36', NULL, '2025-09-12 08:02:51', NULL);
INSERT INTO `area` VALUES (47, 3, 0, 'SQMS', 'SQMS-1756740886', NULL, NULL, 'OK', '2025-09-01 03:34:46', NULL, '2025-09-12 08:02:50', NULL);
INSERT INTO `area` VALUES (48, 2, 0, 'Storage', 'Storage-1756740893', NULL, NULL, 'OK', '2025-09-01 03:34:53', NULL, '2025-09-12 08:02:50', NULL);
INSERT INTO `area` VALUES (49, 2, 0, 'Parking A, C, D', 'Parking A, C, D-1756741000', NULL, NULL, 'OK', '2025-09-01 03:36:40', NULL, '2025-09-12 08:02:49', NULL);
INSERT INTO `area` VALUES (50, 3, 0, 'AHU/ OMC', 'AHU/ OMC-1756741056', NULL, NULL, 'OK', '2025-09-01 03:37:36', NULL, '2025-09-12 08:02:46', NULL);
INSERT INTO `area` VALUES (51, 3, 0, 'Assembly', 'Assembly-1756741069', NULL, NULL, 'OK', '2025-09-01 03:37:49', NULL, '2025-09-12 08:02:49', NULL);
INSERT INTO `area` VALUES (52, 2, 0, 'BCR 1', 'BCR 1-1756741086', NULL, NULL, 'OK', '2025-09-01 03:38:06', NULL, '2025-09-12 08:02:49', NULL);
INSERT INTO `area` VALUES (53, 2, 0, 'BCR 3', 'BCR 3-1756741094', NULL, NULL, 'OK', '2025-09-01 03:38:14', NULL, '2025-09-12 08:02:49', NULL);
INSERT INTO `area` VALUES (54, 1, 0, 'Cafeteria', 'Cafeteria-1756741102', NULL, NULL, 'OK', '2025-09-01 03:38:22', NULL, '2025-09-12 08:02:55', NULL);
INSERT INTO `area` VALUES (55, 4, 0, 'Diecast Eng\'g', 'Diecast Eng\'g-1756741121', NULL, NULL, 'OK', '2025-09-01 03:38:41', NULL, '2025-09-12 08:02:46', NULL);
INSERT INTO `area` VALUES (56, 3, 0, 'Engg Storage 23/24', 'Engg Storage 23/24-1756741138', NULL, NULL, 'OK', '2025-09-01 03:38:58', NULL, '2025-09-12 08:02:46', NULL);
INSERT INTO `area` VALUES (57, 3, 0, 'Import/ Export', 'Import/ Export-1756741152', NULL, NULL, 'OK', '2025-09-01 03:39:12', NULL, '2025-09-12 08:02:46', NULL);
INSERT INTO `area` VALUES (58, 1, 0, 'ISD Storage', 'ISD Storage-1756741233', 338.0000000, 376.0000000, 'OK', '2025-09-01 03:40:33', NULL, '2025-09-12 08:02:44', NULL);
INSERT INTO `area` VALUES (59, 3, 0, 'Machining WH', 'Machining WH-1756741241', NULL, NULL, 'OK', '2025-09-01 03:40:41', NULL, '2025-09-12 08:02:46', NULL);
INSERT INTO `area` VALUES (60, 5, 0, 'NPFL QA', 'NPFL QA-1756741263', NULL, NULL, 'OK', '2025-09-01 03:41:03', NULL, '2025-09-12 08:02:46', NULL);
INSERT INTO `area` VALUES (61, 2, 0, 'OGI/ ORT', 'OGI/ ORT-1756741277', NULL, NULL, 'OK', '2025-09-01 03:41:17', NULL, '2025-09-12 08:02:46', NULL);
INSERT INTO `area` VALUES (62, 3, 0, 'OMC', 'OMC-1756741287', NULL, NULL, 'OK', '2025-09-01 03:41:27', NULL, '2025-09-12 08:02:46', NULL);
INSERT INTO `area` VALUES (63, 2, 0, 'Packaging 4/5', 'Packaging 4/5-1756741297', 296.0000000, 288.0000000, 'OK', '2025-09-01 03:41:37', NULL, '2025-09-12 08:02:44', NULL);
INSERT INTO `area` VALUES (64, 4, 0, 'QD Line', 'QD Line-1756741307', NULL, NULL, 'OK', '2025-09-01 03:41:47', NULL, '2025-09-12 08:02:46', NULL);
INSERT INTO `area` VALUES (65, 3, 0, 'EE Entrance', 'EE Entrance-1756741471', NULL, NULL, 'OK', '2025-09-01 03:44:31', NULL, '2025-09-12 08:02:46', NULL);
INSERT INTO `area` VALUES (66, 4, 0, 'Ball Sizing', 'Ball Sizing-1756741480', NULL, NULL, 'OK', '2025-09-01 03:44:40', NULL, '2025-09-12 08:02:46', NULL);
INSERT INTO `area` VALUES (67, 4, 11, 'Diecast WH', 'Diecast WH-1756741506', 1072.0000000, 201.0000000, 'OK', '2025-09-01 03:45:06', NULL, '2025-09-12 08:02:44', NULL);
INSERT INTO `area` VALUES (68, 4, 0, 'Diecast-BCPA', 'Diecast-BCPA-1756741514', NULL, NULL, 'OK', '2025-09-01 03:45:14', NULL, '2025-09-12 08:02:46', NULL);
INSERT INTO `area` VALUES (69, 1, 0, 'Driver\'s quarter', 'Driver\'s quarter-1756741522', NULL, NULL, 'OK', '2025-09-01 03:45:22', NULL, '2025-09-12 08:02:46', NULL);
INSERT INTO `area` VALUES (70, 1, 0, 'Edcoat Eng\'g', 'Edcoat Eng\'g-1756741535', NULL, NULL, 'OK', '2025-09-01 03:45:35', NULL, '2025-09-12 08:02:45', NULL);
INSERT INTO `area` VALUES (71, 3, 0, 'Haz Waste Area', 'Haz Waste Area-1756741618', NULL, NULL, 'OK', '2025-09-01 03:46:58', NULL, '2025-09-12 08:02:45', NULL);
INSERT INTO `area` VALUES (72, 2, 0, 'Laundry', 'Laundry-1756741626', 300.0000000, 287.0000000, 'OK', '2025-09-01 03:47:06', NULL, '2025-09-12 08:02:44', NULL);
INSERT INTO `area` VALUES (73, 3, 0, 'MIC', 'MIC-1756741635', NULL, NULL, 'OK', '2025-09-01 03:47:15', NULL, '2025-09-12 08:02:47', NULL);
INSERT INTO `area` VALUES (74, 4, 0, 'Reliability', 'Reliability-1756741684', NULL, NULL, 'OK', '2025-09-01 03:48:04', NULL, '2025-09-12 08:02:45', NULL);
INSERT INTO `area` VALUES (75, 3, 0, 'Storage', 'Storage-1756741697', NULL, NULL, 'OK', '2025-09-01 03:48:17', NULL, '2025-09-12 08:02:48', NULL);
INSERT INTO `area` VALUES (76, 1, 0, 'VIP CR', 'VIP CR-1756741707', NULL, NULL, 'OK', '2025-09-01 03:48:27', NULL, '2025-09-12 08:02:48', NULL);
INSERT INTO `area` VALUES (77, 1, 0, 'Locker', 'Locker-1756741718', NULL, NULL, 'OK', '2025-09-01 03:48:38', NULL, '2025-09-12 08:02:47', NULL);
INSERT INTO `area` VALUES (78, 4, 0, 'ECM', 'ECM-1756741725', NULL, NULL, 'OK', '2025-09-01 03:48:45', NULL, '2025-09-12 08:02:47', NULL);
INSERT INTO `area` VALUES (79, 3, 0, 'Parts IDM', 'Parts IDM-1756741735', NULL, NULL, 'OK', '2025-09-01 03:48:55', NULL, '2025-09-12 08:02:47', NULL);
INSERT INTO `area` VALUES (80, 1, 0, 'Gate 2', 'Gate 2-1756741753', 898.0000000, 424.0000000, 'OK', '2025-09-01 03:49:13', NULL, '2025-09-12 08:02:45', NULL);
INSERT INTO `area` VALUES (81, 2, 0, 'BCPA Eng\'g', 'BCPA Eng\'g-1756741762', NULL, NULL, 'OK', '2025-09-01 03:49:22', NULL, '2025-09-12 08:02:46', NULL);
INSERT INTO `area` VALUES (82, 4, 0, 'Pump Room', 'Pump Room-1756741776', NULL, NULL, 'OK', '2025-09-01 03:49:36', NULL, '2025-09-12 08:02:47', NULL);
INSERT INTO `area` VALUES (83, 3, 0, 'OQA-FVI', 'OQA-FVI-1756741786', NULL, NULL, 'OK', '2025-09-01 03:49:46', NULL, '2025-09-12 08:02:47', NULL);
INSERT INTO `area` VALUES (84, 3, 0, 'Machine Dev\'t Office', 'Machine Dev\'t Office-1756741798', NULL, NULL, 'OK', '2025-09-01 03:49:58', NULL, '2025-09-12 08:02:47', NULL);
INSERT INTO `area` VALUES (85, 1, 0, 'CR No.1', 'CR No.1-1756741808', NULL, NULL, 'OK', '2025-09-01 03:50:08', NULL, '2025-09-12 08:02:47', NULL);
INSERT INTO `area` VALUES (86, 1, 0, 'Visitor\'s lounge', 'Visitor\'s lounge-1756741819', NULL, NULL, 'OK', '2025-09-01 03:50:19', NULL, '2025-09-12 08:02:47', NULL);
INSERT INTO `area` VALUES (87, 3, 0, 'Plastic Injection', 'Plastic Injection-1756741828', NULL, NULL, 'OK', '2025-09-01 03:50:28', NULL, '2025-09-12 08:02:47', NULL);
INSERT INTO `area` VALUES (88, 4, 0, 'Gate 3', 'Gate 3-1756741842', 1049.0000000, 136.0000000, 'OK', '2025-09-01 03:50:42', NULL, '2025-09-12 08:02:45', NULL);
INSERT INTO `area` VALUES (89, 5, 0, 'NPFL Eng\'g', 'NPFL Eng\'g-1756741853', NULL, NULL, 'OK', '2025-09-01 03:50:53', NULL, '2025-09-12 08:02:46', NULL);
INSERT INTO `area` VALUES (90, 5, 0, 'WWTF', 'WWTF-1756741862', NULL, NULL, 'OK', '2025-09-01 03:51:02', NULL, '2025-09-12 08:02:46', NULL);
INSERT INTO `area` VALUES (91, 3, 0, 'Clinic', 'Clinic-1756741881', NULL, NULL, 'OK', '2025-09-01 03:51:21', NULL, '2025-09-12 08:02:47', NULL);
INSERT INTO `area` VALUES (92, 1, 0, 'Canteen', 'Canteen-1756741896', NULL, NULL, 'OK', '2025-09-01 03:51:36', NULL, '2025-09-12 08:02:47', NULL);
INSERT INTO `area` VALUES (93, 1, 0, 'Garden', 'Garden-1756741907', NULL, NULL, 'OK', '2025-09-01 03:51:47', NULL, '2025-09-12 08:02:47', NULL);
INSERT INTO `area` VALUES (94, 3, 0, 'MTEC', 'MTEC-1756741917', NULL, NULL, 'OK', '2025-09-01 03:51:57', NULL, '2025-09-12 08:02:47', NULL);
INSERT INTO `area` VALUES (95, 2, 0, 'Straicase', 'Straicase-1756741935', NULL, NULL, 'OK', '2025-09-01 03:52:15', NULL, '2025-09-12 08:02:45', NULL);
INSERT INTO `area` VALUES (96, 2, 0, 'ISD Office', 'ISD Office-1757081376', 425.0000000, 356.0000000, 'OK', '2025-09-05 02:09:36', NULL, '2025-09-12 08:02:45', NULL);

-- ----------------------------
-- Table structure for audit_trail
-- ----------------------------
DROP TABLE IF EXISTS `audit_trail`;
CREATE TABLE `audit_trail`  (
  `id` int(10) UNSIGNED ZEROFILL NOT NULL AUTO_INCREMENT,
  `name` varchar(150) CHARACTER SET utf8mb4 COLLATE utf8mb4_unicode_ci NOT NULL,
  `action` varchar(255) CHARACTER SET utf8mb4 COLLATE utf8mb4_unicode_ci NOT NULL,
  `ip_address` varchar(45) CHARACTER SET utf8mb4 COLLATE utf8mb4_unicode_ci NOT NULL,
  `created_at` datetime(0) NOT NULL DEFAULT CURRENT_TIMESTAMP,
  `updated_at` datetime(0) NULL DEFAULT NULL ON UPDATE CURRENT_TIMESTAMP(0),
  PRIMARY KEY (`id`) USING BTREE
) ENGINE = InnoDB AUTO_INCREMENT = 401 CHARACTER SET = utf8mb4 COLLATE = utf8mb4_unicode_ci ROW_FORMAT = Dynamic;

-- ----------------------------
-- Records of audit_trail
-- ----------------------------
INSERT INTO `audit_trail` VALUES (0000000001, 'CHRISTIAN SAMONTE', 'LOGGED IN', '10.216.11.133', '2025-08-20 13:03:36', '2025-08-20 13:03:36');
INSERT INTO `audit_trail` VALUES (0000000002, 'CHRISTIAN SAMONTE', 'LOGGED IN', '10.216.11.133', '2025-08-20 13:15:10', '2025-08-20 13:15:10');
INSERT INTO `audit_trail` VALUES (0000000003, 'CHRISTIAN SAMONTE', 'LOGGED OUT', '10.216.11.133', '2025-08-20 13:17:13', '2025-08-20 13:17:13');
INSERT INTO `audit_trail` VALUES (0000000004, 'CHRISTIAN SAMONTE', 'LOGGED IN', '10.216.11.133', '2025-08-20 13:17:19', '2025-08-20 13:17:19');
INSERT INTO `audit_trail` VALUES (0000000005, 'CHRISTIAN SAMONTE', 'LOGGED OUT', '10.216.11.133', '2025-08-20 13:30:05', '2025-08-20 13:30:05');
INSERT INTO `audit_trail` VALUES (0000000006, 'CHRISTIAN SAMONTE', 'LOGGED IN', '10.216.11.133', '2025-08-20 13:36:12', '2025-08-20 13:36:12');
INSERT INTO `audit_trail` VALUES (0000000007, 'CHRISTIAN SAMONTE', 'LOGGED OUT', '10.216.11.133', '2025-08-20 13:36:21', '2025-08-20 13:36:21');
INSERT INTO `audit_trail` VALUES (0000000008, 'JHOMELL JASPIO', 'LOGGED IN (Imported from Master DB)', '10.216.11.133', '2025-08-20 13:37:03', '2025-08-20 13:37:03');
INSERT INTO `audit_trail` VALUES (0000000009, 'JHOMELL JASPIO', 'LOGGED OUT', '10.216.11.133', '2025-08-20 14:37:51', '2025-08-20 14:37:51');
INSERT INTO `audit_trail` VALUES (0000000010, 'JHOMELL JASPIO', 'LOGGED IN', '10.216.11.133', '2025-08-20 14:39:07', '2025-08-20 14:39:07');
INSERT INTO `audit_trail` VALUES (0000000011, 'JHOMELL JASPIO', 'LOGGED OUT', '10.216.11.133', '2025-08-20 14:39:29', '2025-08-20 14:39:29');
INSERT INTO `audit_trail` VALUES (0000000012, 'JHOMELL JASPIO', 'LOGGED IN', '10.216.11.133', '2025-08-20 14:39:33', '2025-08-20 14:39:33');
INSERT INTO `audit_trail` VALUES (0000000013, 'JHOMELL JASPIO', 'LOGGED OUT', '10.216.11.133', '2025-08-20 14:39:50', '2025-08-20 14:39:50');
INSERT INTO `audit_trail` VALUES (0000000014, 'JHOMELL JASPIO', 'LOGGED IN', '10.216.11.133', '2025-08-20 14:40:14', '2025-08-20 14:40:14');
INSERT INTO `audit_trail` VALUES (0000000015, 'JHOMELL JASPIO', 'LOGGED IN', '10.216.11.97', '2025-08-20 15:19:36', '2025-08-20 15:19:36');
INSERT INTO `audit_trail` VALUES (0000000016, 'JHOMELL JASPIO', 'LOGGED OUT', '10.216.11.133', '2025-08-20 18:40:48', '2025-08-20 18:40:48');
INSERT INTO `audit_trail` VALUES (0000000017, 'CHRISTIAN SAMONTE', 'LOGGED IN', '10.216.11.133', '2025-08-20 18:40:52', '2025-08-20 18:40:52');
INSERT INTO `audit_trail` VALUES (0000000018, 'CHRISTIAN SAMONTE', 'LOGGED OUT', '10.216.11.133', '2025-08-20 18:42:42', '2025-08-20 18:42:42');
INSERT INTO `audit_trail` VALUES (0000000019, 'CHRISTIAN SAMONTE', 'LOGGED IN', '10.216.11.133', '2025-08-20 18:42:45', '2025-08-20 18:42:45');
INSERT INTO `audit_trail` VALUES (0000000020, 'JHOMELL JASPIO', 'LOGGED IN', '10.216.11.97', '2025-08-20 18:49:21', '2025-08-20 18:49:21');
INSERT INTO `audit_trail` VALUES (0000000021, 'CHRISTIAN SAMONTE', 'LOGGED IN', '10.216.15.85', '2025-08-20 19:11:21', '2025-08-20 19:11:21');
INSERT INTO `audit_trail` VALUES (0000000022, 'CHRISTIAN SAMONTE', 'LOGGED OUT', '10.216.11.133', '2025-08-20 20:17:50', '2025-08-20 20:17:50');
INSERT INTO `audit_trail` VALUES (0000000023, 'CHRISTIAN SAMONTE', 'LOGGED IN', '10.216.11.133', '2025-08-20 20:25:34', '2025-08-20 20:25:34');
INSERT INTO `audit_trail` VALUES (0000000024, 'CHRISTIAN SAMONTE', 'LOGGED OUT', '10.216.11.133', '2025-08-20 20:40:08', '2025-08-20 20:40:08');
INSERT INTO `audit_trail` VALUES (0000000025, 'CHRISTIAN SAMONTE', 'LOGGED IN', '10.216.11.133', '2025-08-20 20:40:49', '2025-08-20 20:40:49');
INSERT INTO `audit_trail` VALUES (0000000026, 'CHRISTIAN SAMONTE', 'LOGGED OUT', '10.216.15.85', '2025-08-20 20:43:16', '2025-08-20 20:43:16');
INSERT INTO `audit_trail` VALUES (0000000027, 'CHRISTIAN SAMONTE', 'LOGGED OUT', '10.216.11.133', '2025-08-20 20:43:28', '2025-08-20 20:43:28');
INSERT INTO `audit_trail` VALUES (0000000028, 'CHRISTIAN SAMONTE', 'LOGGED IN', '10.216.11.133', '2025-08-20 20:45:12', '2025-08-20 20:45:12');
INSERT INTO `audit_trail` VALUES (0000000029, 'CHRISTIAN SAMONTE', 'LOGGED OUT', '10.216.11.133', '2025-08-20 20:46:13', '2025-08-20 20:46:13');
INSERT INTO `audit_trail` VALUES (0000000030, 'JHOMELL JASPIO', 'LOGGED IN', '10.216.11.133', '2025-08-20 20:46:16', '2025-08-20 20:46:16');
INSERT INTO `audit_trail` VALUES (0000000031, 'JHOMELL JASPIO', 'LOGGED IN', '10.216.11.97', '2025-08-21 11:35:33', '2025-08-21 11:35:33');
INSERT INTO `audit_trail` VALUES (0000000032, 'CHRISTIAN SAMONTE', 'LOGGED IN', '10.216.11.133', '2025-08-21 11:38:17', '2025-08-21 11:38:17');
INSERT INTO `audit_trail` VALUES (0000000033, 'JHOMELL JASPIO', 'LOGGED IN', '10.216.11.97', '2025-08-21 12:01:05', '2025-08-21 12:01:05');
INSERT INTO `audit_trail` VALUES (0000000034, 'JHOMELL JASPIO', 'LOGGED OUT', '10.216.11.97', '2025-08-21 12:57:12', '2025-08-21 12:57:12');
INSERT INTO `audit_trail` VALUES (0000000035, 'JHOMELL JASPIO', 'LOGGED IN', '10.216.11.97', '2025-08-21 12:57:20', '2025-08-21 12:57:20');
INSERT INTO `audit_trail` VALUES (0000000036, 'JHOMELL JASPIO', 'LOGGED IN', '10.216.11.97', '2025-08-21 13:42:11', '2025-08-21 13:42:11');
INSERT INTO `audit_trail` VALUES (0000000037, 'SEUS PIOLO MESINA', 'LOGGED IN (Imported from Master DB)', '10.216.11.72', '2025-08-21 14:16:44', '2025-08-21 14:16:44');
INSERT INTO `audit_trail` VALUES (0000000038, 'CHRISTIAN SAMONTE', 'LOGGED OUT', '10.216.11.133', '2025-08-21 17:27:38', '2025-08-21 17:27:38');
INSERT INTO `audit_trail` VALUES (0000000039, 'CHRISTIAN SAMONTE', 'LOGGED IN', '10.216.11.133', '2025-08-21 17:27:41', '2025-08-21 17:27:41');
INSERT INTO `audit_trail` VALUES (0000000040, 'JHOMELL JASPIO', 'LOGGED IN', '10.216.11.97', '2025-08-21 20:36:16', '2025-08-21 20:36:16');
INSERT INTO `audit_trail` VALUES (0000000041, 'CHRISTIAN SAMONTE', 'LOGGED IN', '10.216.11.133', '2025-08-21 20:55:09', '2025-08-21 20:55:09');
INSERT INTO `audit_trail` VALUES (0000000042, 'JHOMELL JASPIO', 'LOGGED IN', '10.216.11.100', '2025-08-26 12:02:58', '2025-08-26 12:02:58');
INSERT INTO `audit_trail` VALUES (0000000043, 'JHOMELL JASPIO', 'LOGGED IN', '10.216.11.100', '2025-08-26 15:36:41', '2025-08-26 15:36:41');
INSERT INTO `audit_trail` VALUES (0000000044, 'JHOMELL JASPIO', 'LOGGED IN', '10.216.11.100', '2025-08-26 18:17:06', '2025-08-26 18:17:06');
INSERT INTO `audit_trail` VALUES (0000000045, 'SEUS PIOLO MESINA', 'LOGGED IN', '10.216.11.94', '2025-08-26 18:37:02', '2025-08-26 18:37:02');
INSERT INTO `audit_trail` VALUES (0000000046, 'JHOMELL JASPIO', 'LOGGED IN', '10.216.11.100', '2025-08-27 11:12:23', '2025-08-27 11:12:23');
INSERT INTO `audit_trail` VALUES (0000000047, 'CHRISTIAN SAMONTE', 'LOGGED IN', '10.216.11.133', '2025-08-27 11:22:54', '2025-08-27 11:22:54');
INSERT INTO `audit_trail` VALUES (0000000048, 'JHOMELL JASPIO', 'LOGGED IN', '10.216.11.100', '2025-08-27 12:08:21', '2025-08-27 12:08:21');
INSERT INTO `audit_trail` VALUES (0000000049, 'CHRISTIAN SAMONTE', 'LOGGED IN (Imported from Master DB)', '10.216.11.133', '2025-08-27 13:03:14', '2025-08-27 13:03:14');
INSERT INTO `audit_trail` VALUES (0000000050, 'CHRISTIAN SAMONTE', 'LOGGED IN (Imported from Master DB)', '10.216.11.133', '2025-08-27 13:03:45', '2025-08-27 13:03:45');
INSERT INTO `audit_trail` VALUES (0000000051, 'CHRISTIAN SAMONTE', 'LOGGED IN', '10.216.11.133', '2025-08-27 13:14:37', '2025-08-27 13:14:37');
INSERT INTO `audit_trail` VALUES (0000000052, 'CHRISTIAN SAMONTE', 'LOGGED IN', '10.216.11.133', '2025-08-27 13:58:32', '2025-08-27 13:58:32');
INSERT INTO `audit_trail` VALUES (0000000053, 'CHRISTIAN SAMONTE', 'LOGGED IN (Imported from Master DB)', '10.216.11.133', '2025-08-27 14:21:57', '2025-08-27 14:21:57');
INSERT INTO `audit_trail` VALUES (0000000054, 'JHOMELL JASPIO', 'LOGGED IN', '10.216.11.100', '2025-08-27 14:38:22', '2025-08-27 14:38:22');
INSERT INTO `audit_trail` VALUES (0000000055, 'CHRISTIAN SAMONTE', 'LOGGED IN', '10.216.11.133', '2025-08-27 15:21:23', '2025-08-27 15:21:23');
INSERT INTO `audit_trail` VALUES (0000000056, 'CHRISTIAN SAMONTE', 'LOGGED IN', '10.216.11.133', '2025-08-27 15:22:12', '2025-08-27 15:22:12');
INSERT INTO `audit_trail` VALUES (0000000057, 'CHRISTIAN SAMONTE', 'LOGGED OUT', '10.216.11.133', '2025-08-27 19:41:23', '2025-08-27 19:41:23');
INSERT INTO `audit_trail` VALUES (0000000058, 'CHRISTIAN SAMONTE', 'LOGGED IN', '10.216.11.133', '2025-08-27 19:41:27', '2025-08-27 19:41:27');
INSERT INTO `audit_trail` VALUES (0000000059, 'CHRISTIAN SAMONTE', 'LOGGED OUT', '10.216.11.133', '2025-08-27 19:42:16', '2025-08-27 19:42:16');
INSERT INTO `audit_trail` VALUES (0000000060, 'CHRISTIAN SAMONTE', 'LOGGED IN', '10.216.11.133', '2025-08-27 19:42:19', '2025-08-27 19:42:19');
INSERT INTO `audit_trail` VALUES (0000000061, 'CHRISTIAN SAMONTE', 'LOGGED OUT', '10.216.11.133', '2025-08-27 19:44:58', '2025-08-27 19:44:58');
INSERT INTO `audit_trail` VALUES (0000000062, 'CHRISTIAN SAMONTE', 'LOGGED IN', '10.216.11.133', '2025-08-27 19:51:15', '2025-08-27 19:51:15');
INSERT INTO `audit_trail` VALUES (0000000063, 'CHRISTIAN SAMONTE', 'LOGGED OUT', '10.216.11.133', '2025-08-27 19:53:27', '2025-08-27 19:53:27');
INSERT INTO `audit_trail` VALUES (0000000064, 'CHRISTIAN SAMONTE', 'LOGGED IN', '10.216.11.133', '2025-08-27 19:53:29', '2025-08-27 19:53:29');
INSERT INTO `audit_trail` VALUES (0000000065, 'CHRISTIAN SAMONTE', 'LOGGED IN', '10.216.11.133', '2025-08-27 20:15:33', '2025-08-27 20:15:33');
INSERT INTO `audit_trail` VALUES (0000000066, 'CHRISTIAN SAMONTE', 'LOGGED OUT', '10.216.11.133', '2025-08-27 20:30:18', '2025-08-27 20:30:18');
INSERT INTO `audit_trail` VALUES (0000000067, 'CHRISTIAN SAMONTE', 'LOGGED IN', '10.216.11.133', '2025-08-27 20:30:26', '2025-08-27 20:30:26');
INSERT INTO `audit_trail` VALUES (0000000068, 'CHRISTIAN SAMONTE', 'LOGGED OUT', '10.216.11.133', '2025-08-27 20:39:54', '2025-08-27 20:39:54');
INSERT INTO `audit_trail` VALUES (0000000069, 'CHRISTIAN SAMONTE', 'LOGGED IN', '10.216.11.133', '2025-08-27 20:39:56', '2025-08-27 20:39:56');
INSERT INTO `audit_trail` VALUES (0000000070, 'JHOMELL JASPIO', 'LOGGED IN', '10.216.11.100', '2025-08-28 11:11:40', '2025-08-28 11:11:40');
INSERT INTO `audit_trail` VALUES (0000000071, 'JHOMELL JASPIO', 'LOGGED OUT', '10.216.11.100', '2025-08-28 12:01:15', '2025-08-28 12:01:15');
INSERT INTO `audit_trail` VALUES (0000000072, 'JHOMELL JASPIO', 'LOGGED IN', '10.216.11.100', '2025-08-28 12:01:18', '2025-08-28 12:01:18');
INSERT INTO `audit_trail` VALUES (0000000073, 'JHOMELL JASPIO', 'LOGGED OUT', '10.216.11.100', '2025-08-28 13:37:23', '2025-08-28 13:37:23');
INSERT INTO `audit_trail` VALUES (0000000074, 'JHOMELL JASPIO', 'LOGGED IN', '10.216.11.100', '2025-08-28 13:37:25', '2025-08-28 13:37:25');
INSERT INTO `audit_trail` VALUES (0000000075, 'CHRISTIAN SAMONTE', 'LOGGED IN', '10.216.11.133', '2025-08-28 14:16:52', '2025-08-28 14:16:52');
INSERT INTO `audit_trail` VALUES (0000000076, 'JHOMELL JASPIO', 'LOGGED OUT', '10.216.11.100', '2025-08-28 15:13:53', '2025-08-28 15:13:53');
INSERT INTO `audit_trail` VALUES (0000000077, 'JHOMELL JASPIO', 'LOGGED IN', '10.216.11.100', '2025-08-28 15:14:01', '2025-08-28 15:14:01');
INSERT INTO `audit_trail` VALUES (0000000078, 'JHOMELL JASPIO', 'LOGGED OUT', '10.216.11.100', '2025-08-28 20:27:44', '2025-08-28 20:27:44');
INSERT INTO `audit_trail` VALUES (0000000079, 'JHOMELL JASPIO', 'LOGGED IN', '10.216.11.100', '2025-08-28 20:35:09', '2025-08-28 20:35:09');
INSERT INTO `audit_trail` VALUES (0000000080, 'MARICEL REGIDOR', 'LOGGED IN', '10.216.11.89', '2025-08-28 20:44:21', '2025-08-28 20:44:21');
INSERT INTO `audit_trail` VALUES (0000000081, 'JHOMELL JASPIO', 'LOGGED IN', '10.216.11.100', '2025-08-29 11:16:51', '2025-08-29 11:16:51');
INSERT INTO `audit_trail` VALUES (0000000082, 'CHRISTIAN SAMONTE', 'LOGGED IN', '10.216.11.133', '2025-08-29 12:24:15', '2025-08-29 12:24:15');
INSERT INTO `audit_trail` VALUES (0000000083, 'JHOMELL JASPIO', 'LOGGED OUT', '10.216.11.100', '2025-08-29 13:15:54', '2025-08-29 13:15:54');
INSERT INTO `audit_trail` VALUES (0000000084, 'JHOMELL JASPIO', 'LOGGED IN', '10.216.11.100', '2025-08-29 13:15:58', '2025-08-29 13:15:58');
INSERT INTO `audit_trail` VALUES (0000000085, 'JHOMELL JASPIO', 'LOGGED OUT', '10.216.11.100', '2025-08-29 21:17:38', '2025-08-29 21:17:38');
INSERT INTO `audit_trail` VALUES (0000000086, 'CHRISTIAN SAMONTE', 'LOGGED IN', '10.216.11.133', '2025-09-01 11:18:23', '2025-09-01 11:18:23');
INSERT INTO `audit_trail` VALUES (0000000087, 'JHOMELL JASPIO', 'LOGGED IN', '10.216.11.80', '2025-09-01 11:56:19', '2025-09-01 11:56:19');
INSERT INTO `audit_trail` VALUES (0000000088, 'CHRISTIAN SAMONTE', 'LOGGED IN', '10.216.11.133', '2025-09-01 12:06:12', '2025-09-01 12:06:12');
INSERT INTO `audit_trail` VALUES (0000000089, 'MARICEL REGIDOR', 'LOGGED IN', '10.216.11.89', '2025-09-01 12:13:56', '2025-09-01 12:13:56');
INSERT INTO `audit_trail` VALUES (0000000090, 'JHOMELL JASPIO', 'LOGGED IN', '10.216.11.80', '2025-09-02 11:23:43', '2025-09-02 11:23:43');
INSERT INTO `audit_trail` VALUES (0000000091, 'CHRISTIAN SAMONTE', 'LOGGED IN', '10.216.11.133', '2025-09-03 11:14:55', '2025-09-03 11:14:55');
INSERT INTO `audit_trail` VALUES (0000000092, 'JHOMELL JASPIO', 'LOGGED IN', '10.216.11.80', '2025-09-03 11:27:42', '2025-09-03 11:27:42');
INSERT INTO `audit_trail` VALUES (0000000093, 'JHOMELL JASPIO', 'LOGGED OUT', '10.216.11.80', '2025-09-03 11:43:00', '2025-09-03 11:43:00');
INSERT INTO `audit_trail` VALUES (0000000094, 'JHOMELL JASPIO', 'LOGGED IN', '10.216.11.80', '2025-09-03 11:43:04', '2025-09-03 11:43:04');
INSERT INTO `audit_trail` VALUES (0000000095, 'CHRISTIAN SAMONTE', 'LOGGED IN', '10.216.15.85', '2025-09-03 14:07:59', '2025-09-03 14:07:59');
INSERT INTO `audit_trail` VALUES (0000000096, 'CHRISTIAN SAMONTE', 'LOGGED IN', '10.216.15.85', '2025-09-03 14:08:03', '2025-09-03 14:08:03');
INSERT INTO `audit_trail` VALUES (0000000097, 'JHOMELL JASPIO', 'LOGGED OUT', '10.216.11.80', '2025-09-03 14:43:18', '2025-09-03 14:43:18');
INSERT INTO `audit_trail` VALUES (0000000098, 'JHOMELL JASPIO', 'LOGGED IN', '10.216.11.80', '2025-09-03 14:43:21', '2025-09-03 14:43:21');
INSERT INTO `audit_trail` VALUES (0000000099, 'CHRISTIAN SAMONTE', 'LOGGED OUT', '10.216.15.85', '2025-09-03 14:45:05', '2025-09-03 14:45:05');
INSERT INTO `audit_trail` VALUES (0000000100, 'CHRISTIAN SAMONTE', 'LOGGED IN', '10.216.15.85', '2025-09-03 14:45:43', '2025-09-03 14:45:43');
INSERT INTO `audit_trail` VALUES (0000000101, 'JHOMELL JASPIO', 'LOGGED OUT', '10.216.11.80', '2025-09-03 15:11:40', '2025-09-03 15:11:40');
INSERT INTO `audit_trail` VALUES (0000000102, 'JHOMELL JASPIO', 'LOGGED IN', '10.216.11.80', '2025-09-03 15:12:33', '2025-09-03 15:12:33');
INSERT INTO `audit_trail` VALUES (0000000103, 'CHRISTIAN SAMONTE', 'LOGGED IN', '10.216.11.133', '2025-09-03 15:13:39', '2025-09-03 15:13:39');
INSERT INTO `audit_trail` VALUES (0000000104, 'CHRISTIAN SAMONTE', 'LOGGED OUT', '10.216.15.85', '2025-09-03 17:07:27', '2025-09-03 17:07:27');
INSERT INTO `audit_trail` VALUES (0000000105, 'CHRISTIAN SAMONTE', 'LOGGED IN', '10.216.15.85', '2025-09-03 17:07:29', '2025-09-03 17:07:29');
INSERT INTO `audit_trail` VALUES (0000000106, 'JHOMELL JASPIO', 'LOGGED OUT', '10.216.11.80', '2025-09-03 17:14:43', '2025-09-03 17:14:43');
INSERT INTO `audit_trail` VALUES (0000000107, 'JHOMELL JASPIO', 'LOGGED IN', '10.216.11.80', '2025-09-03 17:14:45', '2025-09-03 17:14:45');
INSERT INTO `audit_trail` VALUES (0000000108, 'JHOMELL JASPIO', 'LOGGED OUT', '10.216.11.80', '2025-09-03 17:31:49', '2025-09-03 17:31:49');
INSERT INTO `audit_trail` VALUES (0000000109, 'JHOMELL JASPIO', 'LOGGED IN', '10.216.11.80', '2025-09-03 17:32:19', '2025-09-03 17:32:19');
INSERT INTO `audit_trail` VALUES (0000000110, 'JHOMELL JASPIO', 'LOGGED OUT', '10.216.11.80', '2025-09-03 22:11:32', '2025-09-03 22:11:32');
INSERT INTO `audit_trail` VALUES (0000000111, 'JHOMELL JASPIO', 'LOGGED IN', '10.216.11.80', '2025-09-03 22:11:35', '2025-09-03 22:11:35');
INSERT INTO `audit_trail` VALUES (0000000112, 'CHRISTIAN SAMONTE', 'LOGGED IN', '10.216.11.133', '2025-09-04 11:13:54', '2025-09-04 11:13:54');
INSERT INTO `audit_trail` VALUES (0000000113, 'JHOMELL JASPIO', 'LOGGED IN', '10.216.11.80', '2025-09-04 11:19:22', '2025-09-04 11:19:22');
INSERT INTO `audit_trail` VALUES (0000000114, 'CHRISTIAN SAMONTE', 'LOGGED OUT', '10.216.11.133', '2025-09-04 13:45:40', '2025-09-04 13:45:40');
INSERT INTO `audit_trail` VALUES (0000000115, 'CHRISTIAN SAMONTE', 'LOGGED IN', '10.216.11.133', '2025-09-04 13:45:44', '2025-09-04 13:45:44');
INSERT INTO `audit_trail` VALUES (0000000116, 'CHRISTIAN SAMONTE', 'LOGGED IN', '10.216.15.85', '2025-09-04 14:10:38', '2025-09-04 14:10:38');
INSERT INTO `audit_trail` VALUES (0000000117, 'SEUS PIOLO MESINA', 'LOGGED IN', '10.216.11.94', '2025-09-04 14:19:52', '2025-09-04 14:19:52');
INSERT INTO `audit_trail` VALUES (0000000118, 'SEUS PIOLO MESINA', 'LOGGED OUT', '10.216.11.94', '2025-09-04 14:38:37', '2025-09-04 14:38:37');
INSERT INTO `audit_trail` VALUES (0000000119, 'SEUS PIOLO MESINA', 'LOGGED IN', '10.216.11.94', '2025-09-04 15:39:41', '2025-09-04 15:39:41');
INSERT INTO `audit_trail` VALUES (0000000120, 'CHRISTIAN SAMONTE', 'LOGGED IN', '10.216.15.85', '2025-09-04 17:14:35', '2025-09-04 17:14:35');
INSERT INTO `audit_trail` VALUES (0000000121, 'CHRISTIAN SAMONTE', 'LOGGED IN', '10.216.15.85', '2025-09-04 18:04:05', '2025-09-04 18:04:05');
INSERT INTO `audit_trail` VALUES (0000000122, 'JHOMELL JASPIO', 'LOGGED OUT', '10.216.11.80', '2025-09-04 18:04:14', '2025-09-04 18:04:14');
INSERT INTO `audit_trail` VALUES (0000000123, 'JHOMELL JASPIO', 'LOGGED IN', '10.216.11.80', '2025-09-04 18:04:17', '2025-09-04 18:04:17');
INSERT INTO `audit_trail` VALUES (0000000124, 'SEUS PIOLO MESINA', 'LOGGED IN', '10.216.11.94', '2025-09-04 18:28:27', '2025-09-04 18:28:27');
INSERT INTO `audit_trail` VALUES (0000000125, 'SEUS PIOLO MESINA', 'LOGGED OUT', '10.216.11.94', '2025-09-04 18:29:14', '2025-09-04 18:29:14');
INSERT INTO `audit_trail` VALUES (0000000126, 'SEUS PIOLO MESINA', 'LOGGED IN', '10.216.11.94', '2025-09-04 18:29:47', '2025-09-04 18:29:47');
INSERT INTO `audit_trail` VALUES (0000000127, 'SEUS PIOLO MESINA', 'LOGGED OUT', '10.216.11.94', '2025-09-04 18:31:02', '2025-09-04 18:31:02');
INSERT INTO `audit_trail` VALUES (0000000128, 'CHRISTIAN SAMONTE', 'LOGGED IN', '10.216.15.85', '2025-09-04 18:41:18', '2025-09-04 18:41:18');
INSERT INTO `audit_trail` VALUES (0000000129, 'CHRISTIAN SAMONTE', 'LOGGED IN', '10.216.15.85', '2025-09-04 18:41:24', '2025-09-04 18:41:24');
INSERT INTO `audit_trail` VALUES (0000000130, 'CHRISTIAN SAMONTE', 'LOGGED IN', '10.216.15.85', '2025-09-04 18:41:35', '2025-09-04 18:41:35');
INSERT INTO `audit_trail` VALUES (0000000131, 'CHRISTIAN SAMONTE', 'LOGGED IN', '10.216.15.85', '2025-09-04 18:41:46', '2025-09-04 18:41:46');
INSERT INTO `audit_trail` VALUES (0000000132, 'CHRISTIAN SAMONTE', 'LOGGED IN', '10.216.15.85', '2025-09-04 18:42:02', '2025-09-04 18:42:02');
INSERT INTO `audit_trail` VALUES (0000000133, 'CHRISTIAN SAMONTE', 'LOGGED IN', '10.216.15.85', '2025-09-04 18:42:13', '2025-09-04 18:42:13');
INSERT INTO `audit_trail` VALUES (0000000134, 'CHRISTIAN SAMONTE', 'LOGGED IN', '10.216.15.85', '2025-09-04 18:42:25', '2025-09-04 18:42:25');
INSERT INTO `audit_trail` VALUES (0000000135, 'CHRISTIAN SAMONTE', 'LOGGED IN', '10.216.15.85', '2025-09-04 18:45:19', '2025-09-04 18:45:19');
INSERT INTO `audit_trail` VALUES (0000000136, 'CHRISTIAN SAMONTE', 'LOGGED IN', '10.216.15.85', '2025-09-04 18:50:15', '2025-09-04 18:50:15');
INSERT INTO `audit_trail` VALUES (0000000137, 'CHRISTIAN SAMONTE', 'LOGGED OUT', '10.216.11.133', '2025-09-04 18:50:50', '2025-09-04 18:50:50');
INSERT INTO `audit_trail` VALUES (0000000138, 'CHRISTIAN SAMONTE', 'LOGGED IN', '10.216.11.133', '2025-09-04 18:50:53', '2025-09-04 18:50:53');
INSERT INTO `audit_trail` VALUES (0000000139, 'CHRISTIAN SAMONTE', 'LOGGED OUT', '10.216.11.133', '2025-09-04 18:51:09', '2025-09-04 18:51:09');
INSERT INTO `audit_trail` VALUES (0000000140, 'CHRISTIAN SAMONTE', 'LOGGED IN', '10.216.11.133', '2025-09-04 18:51:12', '2025-09-04 18:51:12');
INSERT INTO `audit_trail` VALUES (0000000141, 'CHRISTIAN SAMONTE', 'LOGGED OUT', '10.216.15.85', '2025-09-04 18:51:20', '2025-09-04 18:51:20');
INSERT INTO `audit_trail` VALUES (0000000142, 'CHRISTIAN SAMONTE', 'LOGGED IN', '10.216.15.85', '2025-09-04 18:51:22', '2025-09-04 18:51:22');
INSERT INTO `audit_trail` VALUES (0000000143, 'MARICEL REGIDOR', 'LOGGED IN', '10.216.11.89', '2025-09-04 18:59:29', '2025-09-04 18:59:29');
INSERT INTO `audit_trail` VALUES (0000000144, 'CHRISTIAN SAMONTE', 'LOGGED IN', '10.216.15.72', '2025-09-04 19:37:10', '2025-09-04 19:37:10');
INSERT INTO `audit_trail` VALUES (0000000145, 'CHRISTIAN SAMONTE', 'LOGGED OUT', '10.216.11.133', '2025-09-04 20:03:13', '2025-09-04 20:03:13');
INSERT INTO `audit_trail` VALUES (0000000146, 'CHRISTIAN SAMONTE', 'LOGGED IN', '10.216.11.133', '2025-09-04 20:03:15', '2025-09-04 20:03:15');
INSERT INTO `audit_trail` VALUES (0000000147, 'CHRISTIAN SAMONTE', 'LOGGED OUT', '10.216.11.133', '2025-09-04 20:08:36', '2025-09-04 20:08:36');
INSERT INTO `audit_trail` VALUES (0000000148, 'CHRISTIAN SAMONTE', 'LOGGED IN', '10.216.11.133', '2025-09-04 20:08:39', '2025-09-04 20:08:39');
INSERT INTO `audit_trail` VALUES (0000000149, 'CHRISTIAN SAMONTE', 'LOGGED OUT', '10.216.11.133', '2025-09-04 20:43:21', '2025-09-04 20:43:21');
INSERT INTO `audit_trail` VALUES (0000000150, 'CHRISTIAN SAMONTE', 'LOGGED IN', '10.216.11.133', '2025-09-04 20:43:24', '2025-09-04 20:43:24');
INSERT INTO `audit_trail` VALUES (0000000151, 'MARICEL REGIDOR', 'LOGGED IN', '10.216.11.89', '2025-09-04 21:18:50', '2025-09-04 21:18:50');
INSERT INTO `audit_trail` VALUES (0000000152, 'CHRISTIAN SAMONTE', 'LOGGED IN', '10.216.11.133', '2025-09-05 11:11:40', '2025-09-05 11:11:40');
INSERT INTO `audit_trail` VALUES (0000000153, 'CHRISTIAN SAMONTE', 'LOGGED OUT', '10.216.11.133', '2025-09-05 11:12:14', '2025-09-05 11:12:14');
INSERT INTO `audit_trail` VALUES (0000000154, 'CHRISTIAN SAMONTE', 'LOGGED IN', '10.216.11.133', '2025-09-05 11:12:16', '2025-09-05 11:12:16');
INSERT INTO `audit_trail` VALUES (0000000155, 'JHOMELL JASPIO', 'LOGGED IN', '10.216.11.80', '2025-09-05 11:12:21', '2025-09-05 11:12:21');
INSERT INTO `audit_trail` VALUES (0000000156, 'CHRISTIAN SAMONTE', 'LOGGED OUT', '10.216.11.133', '2025-09-05 11:25:19', '2025-09-05 11:25:19');
INSERT INTO `audit_trail` VALUES (0000000157, 'CHRISTIAN SAMONTE', 'LOGGED IN', '10.216.11.133', '2025-09-05 11:25:21', '2025-09-05 11:25:21');
INSERT INTO `audit_trail` VALUES (0000000158, 'MARICEL REGIDOR', 'LOGGED IN', '10.216.11.89', '2025-09-05 11:33:54', '2025-09-05 11:33:54');
INSERT INTO `audit_trail` VALUES (0000000159, 'CHRISTIAN SAMONTE', 'LOGGED OUT', '10.216.11.133', '2025-09-05 12:13:35', '2025-09-05 12:13:35');
INSERT INTO `audit_trail` VALUES (0000000160, 'CHRISTIAN SAMONTE', 'LOGGED IN', '10.216.11.133', '2025-09-05 12:13:54', '2025-09-05 12:13:54');
INSERT INTO `audit_trail` VALUES (0000000161, 'CHRISTIAN SAMONTE', 'LOGGED IN', '10.216.11.133', '2025-09-05 12:14:40', '2025-09-05 12:14:40');
INSERT INTO `audit_trail` VALUES (0000000162, 'CHRISTIAN SAMONTE', 'LOGGED OUT', '10.216.11.133', '2025-09-05 12:14:48', '2025-09-05 12:14:48');
INSERT INTO `audit_trail` VALUES (0000000163, 'CHRISTIAN SAMONTE', 'LOGGED IN', '10.216.11.133', '2025-09-05 12:14:52', '2025-09-05 12:14:52');
INSERT INTO `audit_trail` VALUES (0000000164, 'MARICEL REGIDOR', 'LOGGED IN', '10.216.11.89', '2025-09-05 12:18:08', '2025-09-05 12:18:08');
INSERT INTO `audit_trail` VALUES (0000000165, 'CHRISTIAN SAMONTE', 'LOGGED OUT', '10.216.11.133', '2025-09-05 12:32:07', '2025-09-05 12:32:07');
INSERT INTO `audit_trail` VALUES (0000000166, 'CHRISTIAN SAMONTE', 'LOGGED IN', '10.216.11.133', '2025-09-05 12:32:10', '2025-09-05 12:32:10');
INSERT INTO `audit_trail` VALUES (0000000167, 'CHRISTIAN SAMONTE', 'LOGGED OUT', '10.216.11.133', '2025-09-05 12:32:53', '2025-09-05 12:32:53');
INSERT INTO `audit_trail` VALUES (0000000168, 'CHRISTIAN SAMONTE', 'LOGGED IN', '10.216.11.133', '2025-09-05 12:32:57', '2025-09-05 12:32:57');
INSERT INTO `audit_trail` VALUES (0000000169, 'CHRISTIAN SAMONTE', 'LOGGED OUT', '10.216.11.133', '2025-09-05 12:33:05', '2025-09-05 12:33:05');
INSERT INTO `audit_trail` VALUES (0000000170, 'CHRISTIAN SAMONTE', 'LOGGED IN', '10.216.11.133', '2025-09-05 12:33:09', '2025-09-05 12:33:09');
INSERT INTO `audit_trail` VALUES (0000000171, 'CHRISTIAN SAMONTE', 'LOGGED OUT', '10.216.11.133', '2025-09-05 12:33:48', '2025-09-05 12:33:48');
INSERT INTO `audit_trail` VALUES (0000000172, 'CHRISTIAN SAMONTE', 'LOGGED IN', '10.216.11.133', '2025-09-05 12:35:48', '2025-09-05 12:35:48');
INSERT INTO `audit_trail` VALUES (0000000173, 'CHRISTIAN SAMONTE', 'LOGGED OUT', '10.216.11.133', '2025-09-05 12:35:51', '2025-09-05 12:35:51');
INSERT INTO `audit_trail` VALUES (0000000174, 'CHRISTIAN SAMONTE', 'LOGGED IN', '10.216.11.133', '2025-09-05 12:35:53', '2025-09-05 12:35:53');
INSERT INTO `audit_trail` VALUES (0000000175, 'CHRISTIAN SAMONTE', 'LOGGED OUT', '10.216.11.133', '2025-09-05 12:38:37', '2025-09-05 12:38:37');
INSERT INTO `audit_trail` VALUES (0000000176, 'CHRISTIAN SAMONTE', 'LOGGED IN', '10.216.11.133', '2025-09-05 12:38:39', '2025-09-05 12:38:39');
INSERT INTO `audit_trail` VALUES (0000000177, 'CHRISTIAN SAMONTE', 'LOGGED OUT', '10.216.11.133', '2025-09-05 12:38:46', '2025-09-05 12:38:46');
INSERT INTO `audit_trail` VALUES (0000000178, 'CHRISTIAN SAMONTE', 'LOGGED IN', '10.216.11.133', '2025-09-05 12:38:48', '2025-09-05 12:38:48');
INSERT INTO `audit_trail` VALUES (0000000179, 'CHRISTIAN SAMONTE', 'LOGGED IN', '10.216.11.133', '2025-09-05 12:38:49', '2025-09-05 12:38:49');
INSERT INTO `audit_trail` VALUES (0000000180, 'CHRISTIAN SAMONTE', 'LOGGED IN', '10.216.11.133', '2025-09-05 12:39:10', '2025-09-05 12:39:10');
INSERT INTO `audit_trail` VALUES (0000000181, 'CHRISTIAN SAMONTE', 'LOGGED IN', '10.216.11.133', '2025-09-05 12:39:13', '2025-09-05 12:39:13');
INSERT INTO `audit_trail` VALUES (0000000182, 'CHRISTIAN SAMONTE', 'LOGGED IN', '10.216.11.133', '2025-09-05 12:39:21', '2025-09-05 12:39:21');
INSERT INTO `audit_trail` VALUES (0000000183, 'CHRISTIAN SAMONTE', 'LOGGED OUT', '10.216.11.133', '2025-09-05 12:39:38', '2025-09-05 12:39:38');
INSERT INTO `audit_trail` VALUES (0000000184, 'CHRISTIAN SAMONTE', 'LOGGED IN', '10.216.11.133', '2025-09-05 12:39:40', '2025-09-05 12:39:40');
INSERT INTO `audit_trail` VALUES (0000000185, 'CHRISTIAN SAMONTE', 'LOGGED OUT', '10.216.11.133', '2025-09-05 12:39:45', '2025-09-05 12:39:45');
INSERT INTO `audit_trail` VALUES (0000000186, 'CHRISTIAN SAMONTE', 'LOGGED IN', '10.216.11.133', '2025-09-05 12:40:02', '2025-09-05 12:40:02');
INSERT INTO `audit_trail` VALUES (0000000187, 'CHRISTIAN SAMONTE', 'LOGGED IN', '10.216.15.72', '2025-09-05 12:59:48', '2025-09-05 12:59:48');
INSERT INTO `audit_trail` VALUES (0000000188, 'CHRISTIAN SAMONTE', 'LOGGED OUT', '10.216.11.133', '2025-09-05 13:28:55', '2025-09-05 13:28:55');
INSERT INTO `audit_trail` VALUES (0000000189, 'CHRISTIAN SAMONTE', 'LOGGED IN', '10.216.11.133', '2025-09-05 13:30:33', '2025-09-05 13:30:33');
INSERT INTO `audit_trail` VALUES (0000000190, 'JHOMELL JASPIO', 'LOGGED OUT', '10.216.11.80', '2025-09-05 13:30:57', '2025-09-05 13:30:57');
INSERT INTO `audit_trail` VALUES (0000000191, 'CHRISTIAN SAMONTE', 'LOGGED OUT', '10.216.11.133', '2025-09-05 13:40:19', '2025-09-05 13:40:19');
INSERT INTO `audit_trail` VALUES (0000000192, 'CHRISTIAN SAMONTE', 'LOGGED IN', '10.216.11.133', '2025-09-05 13:40:26', '2025-09-05 13:40:26');
INSERT INTO `audit_trail` VALUES (0000000193, 'JHOMELL JASPIO', 'LOGGED IN', '10.216.11.80', '2025-09-05 13:40:26', '2025-09-05 13:40:26');
INSERT INTO `audit_trail` VALUES (0000000194, 'JHOMELL JASPIO', 'LOGGED OUT', '10.216.11.80', '2025-09-05 13:40:39', '2025-09-05 13:40:39');
INSERT INTO `audit_trail` VALUES (0000000195, 'JHOMELL JASPIO', 'LOGGED IN', '10.216.11.80', '2025-09-05 13:43:28', '2025-09-05 13:43:28');
INSERT INTO `audit_trail` VALUES (0000000196, 'JHOMELL JASPIO', 'LOGGED OUT', '10.216.11.80', '2025-09-05 13:50:36', '2025-09-05 13:50:36');
INSERT INTO `audit_trail` VALUES (0000000197, 'JHOMELL JASPIO', 'LOGGED IN', '10.216.11.80', '2025-09-05 13:50:38', '2025-09-05 13:50:38');
INSERT INTO `audit_trail` VALUES (0000000198, 'CHRISTIAN SAMONTE', 'LOGGED IN', '10.216.11.133', '2025-09-05 13:50:40', '2025-09-05 13:50:40');
INSERT INTO `audit_trail` VALUES (0000000199, 'JHOMELL JASPIO', 'LOGGED OUT', '10.216.11.80', '2025-09-05 13:51:23', '2025-09-05 13:51:23');
INSERT INTO `audit_trail` VALUES (0000000200, 'JHOMELL JASPIO', 'LOGGED IN', '10.216.11.80', '2025-09-05 13:52:35', '2025-09-05 13:52:35');
INSERT INTO `audit_trail` VALUES (0000000201, 'JHOMELL JASPIO', 'LOGGED OUT', '10.216.11.80', '2025-09-05 13:52:59', '2025-09-05 13:52:59');
INSERT INTO `audit_trail` VALUES (0000000202, 'ELMER MAGLANQUE', 'LOGGED IN', '10.216.11.72', '2025-09-05 13:57:07', '2025-09-05 13:57:07');
INSERT INTO `audit_trail` VALUES (0000000203, 'CHRISTIAN SAMONTE', 'LOGGED OUT', '10.216.11.133', '2025-09-05 13:57:44', '2025-09-05 13:57:44');
INSERT INTO `audit_trail` VALUES (0000000204, 'CHRISTIAN SAMONTE', 'LOGGED IN', '10.216.11.133', '2025-09-05 13:58:10', '2025-09-05 13:58:10');
INSERT INTO `audit_trail` VALUES (0000000205, 'JHOMELL JASPIO', 'LOGGED IN', '10.216.11.80', '2025-09-05 13:59:51', '2025-09-05 13:59:51');
INSERT INTO `audit_trail` VALUES (0000000206, 'ELMER MAGLANQUE', 'LOGGED OUT', '10.216.11.72', '2025-09-05 14:03:33', '2025-09-05 14:03:33');
INSERT INTO `audit_trail` VALUES (0000000207, 'ELMER MAGLANQUE', 'LOGGED IN', '10.216.11.72', '2025-09-05 14:03:36', '2025-09-05 14:03:36');
INSERT INTO `audit_trail` VALUES (0000000208, 'ELMER MAGLANQUE', 'LOGGED OUT', '10.216.11.72', '2025-09-05 14:03:42', '2025-09-05 14:03:42');
INSERT INTO `audit_trail` VALUES (0000000209, 'ELMER MAGLANQUE', 'LOGGED IN', '10.216.11.72', '2025-09-05 14:03:55', '2025-09-05 14:03:55');
INSERT INTO `audit_trail` VALUES (0000000210, 'JHOMELL JASPIO', 'LOGGED OUT', '10.216.11.80', '2025-09-05 14:05:32', '2025-09-05 14:05:32');
INSERT INTO `audit_trail` VALUES (0000000211, 'JHOMELL JASPIO', 'LOGGED IN', '10.216.11.80', '2025-09-05 14:05:37', '2025-09-05 14:05:37');
INSERT INTO `audit_trail` VALUES (0000000212, 'CHRISTIAN SAMONTE', 'LOGGED OUT', '10.216.11.133', '2025-09-05 14:05:38', '2025-09-05 14:05:38');
INSERT INTO `audit_trail` VALUES (0000000213, 'JHOMELL JASPIO', 'LOGGED OUT', '10.216.11.80', '2025-09-05 14:05:42', '2025-09-05 14:05:42');
INSERT INTO `audit_trail` VALUES (0000000214, 'JHOMELL JASPIO', 'LOGGED IN', '10.216.11.80', '2025-09-05 14:05:45', '2025-09-05 14:05:45');
INSERT INTO `audit_trail` VALUES (0000000215, 'CHRISTIAN SAMONTE', 'LOGGED IN', '10.216.11.133', '2025-09-05 14:07:24', '2025-09-05 14:07:24');
INSERT INTO `audit_trail` VALUES (0000000216, 'CHRISTIAN SAMONTE', 'LOGGED OUT', '10.216.11.133', '2025-09-05 14:12:22', '2025-09-05 14:12:22');
INSERT INTO `audit_trail` VALUES (0000000217, 'JHOMELL JASPIO', 'LOGGED OUT', '10.216.11.80', '2025-09-05 14:18:17', '2025-09-05 14:18:17');
INSERT INTO `audit_trail` VALUES (0000000218, 'CHRISTIAN SAMONTE', 'LOGGED IN', '10.216.11.133', '2025-09-05 14:18:35', '2025-09-05 14:18:35');
INSERT INTO `audit_trail` VALUES (0000000219, 'CHRISTIAN SAMONTE', 'LOGGED OUT', '10.216.11.133', '2025-09-05 14:19:28', '2025-09-05 14:19:28');
INSERT INTO `audit_trail` VALUES (0000000220, 'CHRISTIAN SAMONTE', 'LOGGED IN', '10.216.11.133', '2025-09-05 14:34:12', '2025-09-05 14:34:12');
INSERT INTO `audit_trail` VALUES (0000000221, 'JHOMELL JASPIO', 'LOGGED IN', '10.216.11.80', '2025-09-05 14:34:33', '2025-09-05 14:34:33');
INSERT INTO `audit_trail` VALUES (0000000222, 'CHRISTIAN SAMONTE', 'LOGGED OUT', '10.216.11.133', '2025-09-05 14:35:16', '2025-09-05 14:35:16');
INSERT INTO `audit_trail` VALUES (0000000223, 'CHRISTIAN SAMONTE', 'LOGGED IN', '10.216.11.133', '2025-09-05 14:35:57', '2025-09-05 14:35:57');
INSERT INTO `audit_trail` VALUES (0000000224, 'JHOMELL JASPIO', 'LOGGED OUT', '10.216.11.80', '2025-09-05 14:36:30', '2025-09-05 14:36:30');
INSERT INTO `audit_trail` VALUES (0000000225, 'JHOMELL JASPIO', 'LOGGED IN', '10.216.11.80', '2025-09-05 14:37:01', '2025-09-05 14:37:01');
INSERT INTO `audit_trail` VALUES (0000000226, 'JHOMELL JASPIO', 'LOGGED OUT', '10.216.11.80', '2025-09-05 14:37:07', '2025-09-05 14:37:07');
INSERT INTO `audit_trail` VALUES (0000000227, 'JHOMELL JASPIO', 'LOGGED IN', '10.216.11.80', '2025-09-05 14:45:49', '2025-09-05 14:45:49');
INSERT INTO `audit_trail` VALUES (0000000228, 'JHOMELL JASPIO', 'LOGGED OUT', '10.216.11.80', '2025-09-05 14:49:16', '2025-09-05 14:49:16');
INSERT INTO `audit_trail` VALUES (0000000229, 'JHOMELL JASPIO', 'LOGGED IN', '10.216.11.80', '2025-09-05 14:54:50', '2025-09-05 14:54:50');
INSERT INTO `audit_trail` VALUES (0000000230, 'ELMER MAGLANQUE', 'LOGGED OUT', '10.216.11.118', '2025-09-05 14:58:49', '2025-09-05 14:58:49');
INSERT INTO `audit_trail` VALUES (0000000231, 'MARICEL REGIDOR', 'LOGGED IN', '10.216.11.118', '2025-09-05 14:59:05', '2025-09-05 14:59:05');
INSERT INTO `audit_trail` VALUES (0000000232, 'JHOMELL JASPIO', 'LOGGED OUT', '10.216.11.80', '2025-09-05 15:02:44', '2025-09-05 15:02:44');
INSERT INTO `audit_trail` VALUES (0000000233, 'JHOMELL JASPIO', 'LOGGED IN', '10.216.11.80', '2025-09-05 15:03:14', '2025-09-05 15:03:14');
INSERT INTO `audit_trail` VALUES (0000000234, 'JHOMELL JASPIO', 'LOGGED OUT', '10.216.11.80', '2025-09-05 15:05:36', '2025-09-05 15:05:36');
INSERT INTO `audit_trail` VALUES (0000000235, 'JHOMELL JASPIO', 'LOGGED IN', '10.216.11.80', '2025-09-05 15:09:18', '2025-09-05 15:09:18');
INSERT INTO `audit_trail` VALUES (0000000236, 'JHOMELL JASPIO', 'LOGGED OUT', '10.216.11.80', '2025-09-05 15:14:16', '2025-09-05 15:14:16');
INSERT INTO `audit_trail` VALUES (0000000237, 'CHRISTIAN SAMONTE', 'LOGGED OUT', '10.216.11.133', '2025-09-05 15:25:46', '2025-09-05 15:25:46');
INSERT INTO `audit_trail` VALUES (0000000238, 'CHRISTIAN SAMONTE', 'LOGGED IN', '10.216.11.133', '2025-09-05 15:25:52', '2025-09-05 15:25:52');
INSERT INTO `audit_trail` VALUES (0000000239, 'JHOMELL JASPIO', 'LOGGED IN', '10.216.11.80', '2025-09-05 15:44:57', '2025-09-05 15:44:57');
INSERT INTO `audit_trail` VALUES (0000000240, 'CHRISTIAN SAMONTE', 'LOGGED OUT', '10.216.11.133', '2025-09-05 17:11:14', '2025-09-05 17:11:14');
INSERT INTO `audit_trail` VALUES (0000000241, 'CHRISTIAN SAMONTE', 'LOGGED IN', '10.216.11.133', '2025-09-05 17:11:17', '2025-09-05 17:11:17');
INSERT INTO `audit_trail` VALUES (0000000242, 'JHOMELL JASPIO', 'LOGGED OUT', '10.216.11.80', '2025-09-05 17:22:25', '2025-09-05 17:22:25');
INSERT INTO `audit_trail` VALUES (0000000243, 'JHOMELL JASPIO', 'LOGGED IN', '10.216.11.80', '2025-09-05 17:22:27', '2025-09-05 17:22:27');
INSERT INTO `audit_trail` VALUES (0000000244, 'CHRISTIAN SAMONTE', 'LOGGED IN', '10.216.11.133', '2025-09-05 19:11:04', '2025-09-05 19:11:04');
INSERT INTO `audit_trail` VALUES (0000000245, 'JHOMELL JASPIO', 'LOGGED IN', '10.216.11.80', '2025-09-05 19:12:30', '2025-09-05 19:12:30');
INSERT INTO `audit_trail` VALUES (0000000246, 'MARICEL REGIDOR', 'LOGGED IN', '10.216.11.89', '2025-09-05 20:29:49', '2025-09-05 20:29:49');
INSERT INTO `audit_trail` VALUES (0000000247, 'JHOMELL JASPIO', 'LOGGED IN', '10.216.11.80', '2025-09-05 20:37:54', '2025-09-05 20:37:54');
INSERT INTO `audit_trail` VALUES (0000000248, 'JHOMELL JASPIO', 'LOGGED OUT', '10.216.11.80', '2025-09-05 20:48:09', '2025-09-05 20:48:09');
INSERT INTO `audit_trail` VALUES (0000000249, 'JHOMELL JASPIO', 'LOGGED IN', '10.216.11.80', '2025-09-05 20:48:13', '2025-09-05 20:48:13');
INSERT INTO `audit_trail` VALUES (0000000250, 'MARICEL REGIDOR', 'LOGGED OUT', '10.216.11.89', '2025-09-05 20:54:19', '2025-09-05 20:54:19');
INSERT INTO `audit_trail` VALUES (0000000251, 'JHOMELL JASPIO', 'LOGGED IN', '10.216.11.80', '2025-09-06 09:39:13', '2025-09-06 09:39:13');
INSERT INTO `audit_trail` VALUES (0000000252, 'JHOMELL JASPIO', 'LOGGED OUT', '10.216.11.80', '2025-09-06 10:53:11', '2025-09-06 10:53:11');
INSERT INTO `audit_trail` VALUES (0000000253, 'JHOMELL JASPIO', 'LOGGED IN', '10.216.11.80', '2025-09-06 10:53:14', '2025-09-06 10:53:14');
INSERT INTO `audit_trail` VALUES (0000000254, 'SEUS PIOLO MESINA', 'LOGGED IN', '10.216.11.94', '2025-09-06 12:04:48', '2025-09-06 12:04:48');
INSERT INTO `audit_trail` VALUES (0000000255, 'SEUS PIOLO MESINA', 'LOGGED OUT', '10.216.11.94', '2025-09-06 12:10:48', '2025-09-06 12:10:48');
INSERT INTO `audit_trail` VALUES (0000000256, 'SEUS PIOLO MESINA', 'LOGGED IN', '10.216.11.94', '2025-09-06 12:28:38', '2025-09-06 12:28:38');
INSERT INTO `audit_trail` VALUES (0000000257, 'JHOMELL JASPIO', 'LOGGED OUT', '10.216.11.80', '2025-09-06 17:59:14', '2025-09-06 17:59:14');
INSERT INTO `audit_trail` VALUES (0000000258, 'CHRISTIAN SAMONTE', 'LOGGED IN', '10.216.11.133', '2025-09-08 11:13:44', '2025-09-08 11:13:44');
INSERT INTO `audit_trail` VALUES (0000000259, 'CHRISTIAN SAMONTE', 'LOGGED IN', '10.216.15.85', '2025-09-08 11:22:55', '2025-09-08 11:22:55');
INSERT INTO `audit_trail` VALUES (0000000260, 'JHOMELL JASPIO', 'LOGGED IN', '10.216.11.85', '2025-09-08 11:32:38', '2025-09-08 11:32:38');
INSERT INTO `audit_trail` VALUES (0000000261, 'CHRISTIAN SAMONTE', 'LOGGED IN', '10.216.15.85', '2025-09-08 13:25:01', '2025-09-08 13:25:01');
INSERT INTO `audit_trail` VALUES (0000000262, 'CHRISTIAN SAMONTE', 'LOGGED IN', '10.216.15.85', '2025-09-08 13:51:36', '2025-09-08 13:51:36');
INSERT INTO `audit_trail` VALUES (0000000263, 'SEUS PIOLO MESINA', 'LOGGED IN', '10.216.15.76', '2025-09-08 13:57:16', '2025-09-08 13:57:16');
INSERT INTO `audit_trail` VALUES (0000000264, 'SEUS PIOLO MESINA', 'LOGGED OUT', '10.216.15.76', '2025-09-08 13:59:22', '2025-09-08 13:59:22');
INSERT INTO `audit_trail` VALUES (0000000265, 'SEUS PIOLO MESINA', 'LOGGED IN', '10.216.11.94', '2025-09-08 13:59:58', '2025-09-08 13:59:58');
INSERT INTO `audit_trail` VALUES (0000000266, 'JHOMELL JASPIO', 'LOGGED IN', '10.216.15.52', '2025-09-08 14:02:21', '2025-09-08 14:02:21');
INSERT INTO `audit_trail` VALUES (0000000267, 'SEUS PIOLO MESINA', 'LOGGED OUT', '10.216.11.94', '2025-09-08 14:06:13', '2025-09-08 14:06:13');
INSERT INTO `audit_trail` VALUES (0000000268, 'JHOMELL JASPIO', 'LOGGED OUT', '10.216.11.85', '2025-09-08 15:49:47', '2025-09-08 15:49:47');
INSERT INTO `audit_trail` VALUES (0000000269, 'ELMER MAGLANQUE', 'LOGGED IN', '10.216.11.80', '2025-09-08 15:51:12', '2025-09-08 15:51:12');
INSERT INTO `audit_trail` VALUES (0000000270, 'JHOMELL JASPIO', 'LOGGED IN', '10.216.11.85', '2025-09-08 15:52:01', '2025-09-08 15:52:01');
INSERT INTO `audit_trail` VALUES (0000000271, 'SEUS PIOLO MESINA', 'LOGGED IN', '10.216.11.94', '2025-09-08 15:52:03', '2025-09-08 15:52:03');
INSERT INTO `audit_trail` VALUES (0000000272, 'SEUS PIOLO MESINA', 'LOGGED OUT', '10.216.11.94', '2025-09-08 15:53:11', '2025-09-08 15:53:11');
INSERT INTO `audit_trail` VALUES (0000000273, 'SEUS PIOLO MESINA', 'LOGGED IN', '10.216.11.94', '2025-09-08 15:54:11', '2025-09-08 15:54:11');
INSERT INTO `audit_trail` VALUES (0000000274, 'SEUS PIOLO MESINA', 'LOGGED OUT', '10.216.11.94', '2025-09-08 15:56:19', '2025-09-08 15:56:19');
INSERT INTO `audit_trail` VALUES (0000000275, 'JHOMELL JASPIO', 'LOGGED OUT', '10.216.11.85', '2025-09-08 21:01:16', '2025-09-08 21:01:16');
INSERT INTO `audit_trail` VALUES (0000000276, 'JHOMELL JASPIO', 'LOGGED IN', '10.216.11.85', '2025-09-08 21:01:19', '2025-09-08 21:01:19');
INSERT INTO `audit_trail` VALUES (0000000277, 'CHRISTIAN SAMONTE', 'LOGGED IN', '10.216.11.133', '2025-09-09 11:14:05', '2025-09-09 11:14:05');
INSERT INTO `audit_trail` VALUES (0000000278, 'JHOMELL JASPIO', 'LOGGED IN', '10.216.11.85', '2025-09-09 11:15:33', '2025-09-09 11:15:33');
INSERT INTO `audit_trail` VALUES (0000000279, 'CHRISTIAN SAMONTE', 'LOGGED OUT', '10.216.11.133', '2025-09-09 12:21:46', '2025-09-09 12:21:46');
INSERT INTO `audit_trail` VALUES (0000000280, 'JHOMELL JASPIO', 'LOGGED IN', '10.216.11.133', '2025-09-09 12:21:52', '2025-09-09 12:21:52');
INSERT INTO `audit_trail` VALUES (0000000281, 'JHOMELL JASPIO', 'LOGGED OUT', '10.216.11.133', '2025-09-09 12:45:24', '2025-09-09 12:45:24');
INSERT INTO `audit_trail` VALUES (0000000282, 'JHOMELL JASPIO', 'LOGGED IN', '10.216.11.133', '2025-09-09 12:45:28', '2025-09-09 12:45:28');
INSERT INTO `audit_trail` VALUES (0000000283, 'JHOMELL JASPIO', 'LOGGED OUT', '10.216.11.133', '2025-09-09 12:57:08', '2025-09-09 12:57:08');
INSERT INTO `audit_trail` VALUES (0000000284, 'CHRISTIAN SAMONTE', 'LOGGED IN', '10.216.11.133', '2025-09-09 12:57:11', '2025-09-09 12:57:11');
INSERT INTO `audit_trail` VALUES (0000000285, 'JHOMELL JASPIO', 'LOGGED OUT', '10.216.11.85', '2025-09-09 18:45:03', '2025-09-09 18:45:03');
INSERT INTO `audit_trail` VALUES (0000000286, 'JHOMELL JASPIO', 'LOGGED IN', '10.216.11.85', '2025-09-09 18:45:09', '2025-09-09 18:45:09');
INSERT INTO `audit_trail` VALUES (0000000287, 'CHRISTIAN SAMONTE', 'LOGGED OUT', '10.216.11.133', '2025-09-09 20:22:34', '2025-09-09 20:22:34');
INSERT INTO `audit_trail` VALUES (0000000288, 'CHRISTIAN SAMONTE', 'LOGGED IN', '10.216.11.133', '2025-09-09 20:22:37', '2025-09-09 20:22:37');
INSERT INTO `audit_trail` VALUES (0000000289, 'CHRISTIAN SAMONTE', 'LOGGED IN', '10.216.15.85', '2025-09-09 20:42:05', '2025-09-09 20:42:05');
INSERT INTO `audit_trail` VALUES (0000000290, 'SEUS PIOLO MESINA', 'LOGGED IN', '10.216.11.94', '2025-09-09 21:04:18', '2025-09-09 21:04:18');
INSERT INTO `audit_trail` VALUES (0000000291, 'SEUS PIOLO MESINA', 'LOGGED OUT', '10.216.11.94', '2025-09-09 21:10:06', '2025-09-09 21:10:06');
INSERT INTO `audit_trail` VALUES (0000000292, 'JHOMELL JASPIO', 'LOGGED IN', '10.216.11.85', '2025-09-10 10:59:53', '2025-09-10 10:59:53');
INSERT INTO `audit_trail` VALUES (0000000293, 'CHRISTIAN SAMONTE', 'LOGGED IN', '10.216.11.133', '2025-09-10 11:15:46', '2025-09-10 11:15:46');
INSERT INTO `audit_trail` VALUES (0000000294, 'CHRISTIAN SAMONTE', 'LOGGED OUT', '10.216.11.133', '2025-09-10 12:39:05', '2025-09-10 12:39:05');
INSERT INTO `audit_trail` VALUES (0000000295, 'CHRISTIAN SAMONTE', 'LOGGED IN', '10.216.11.133', '2025-09-10 12:39:40', '2025-09-10 12:39:40');
INSERT INTO `audit_trail` VALUES (0000000296, 'CHRISTIAN SAMONTE', 'LOGGED OUT', '10.216.11.133', '2025-09-10 12:41:32', '2025-09-10 12:41:32');
INSERT INTO `audit_trail` VALUES (0000000297, 'CHRISTIAN SAMONTE', 'LOGGED IN', '10.216.11.133', '2025-09-10 12:43:12', '2025-09-10 12:43:12');
INSERT INTO `audit_trail` VALUES (0000000298, 'CHRISTIAN SAMONTE', 'LOGGED OUT', '10.216.11.133', '2025-09-10 12:43:39', '2025-09-10 12:43:39');
INSERT INTO `audit_trail` VALUES (0000000299, 'CHRISTIAN SAMONTE', 'LOGGED IN', '10.216.11.133', '2025-09-10 12:43:46', '2025-09-10 12:43:46');
INSERT INTO `audit_trail` VALUES (0000000300, 'MARICEL REGIDOR', 'LOGGED IN', '10.216.11.121', '2025-09-10 13:18:22', '2025-09-10 13:18:22');
INSERT INTO `audit_trail` VALUES (0000000301, 'CHRISTIAN SAMONTE', 'LOGGED OUT', '10.216.11.133', '2025-09-10 13:42:30', '2025-09-10 13:42:30');
INSERT INTO `audit_trail` VALUES (0000000302, 'CHRISTIAN SAMONTE', 'LOGGED IN', '10.216.11.133', '2025-09-10 13:42:33', '2025-09-10 13:42:33');
INSERT INTO `audit_trail` VALUES (0000000303, 'CHRISTIAN SAMONTE', 'LOGGED OUT', '10.216.11.133', '2025-09-10 13:43:05', '2025-09-10 13:43:05');
INSERT INTO `audit_trail` VALUES (0000000304, 'CHRISTIAN SAMONTE', 'LOGGED IN', '10.216.11.133', '2025-09-10 13:43:14', '2025-09-10 13:43:14');
INSERT INTO `audit_trail` VALUES (0000000305, 'CHRISTIAN SAMONTE', 'LOGGED OUT', '10.216.11.133', '2025-09-10 13:43:23', '2025-09-10 13:43:23');
INSERT INTO `audit_trail` VALUES (0000000306, 'CHRISTIAN SAMONTE', 'LOGGED IN', '10.216.11.133', '2025-09-10 13:43:32', '2025-09-10 13:43:32');
INSERT INTO `audit_trail` VALUES (0000000307, 'CHRISTIAN SAMONTE', 'LOGGED OUT', '10.216.11.133', '2025-09-10 13:43:52', '2025-09-10 13:43:52');
INSERT INTO `audit_trail` VALUES (0000000308, 'CHRISTIAN SAMONTE', 'LOGGED IN', '10.216.11.133', '2025-09-10 13:44:00', '2025-09-10 13:44:00');
INSERT INTO `audit_trail` VALUES (0000000309, 'CHRISTIAN SAMONTE', 'LOGGED OUT', '10.216.11.133', '2025-09-10 13:44:39', '2025-09-10 13:44:39');
INSERT INTO `audit_trail` VALUES (0000000310, 'CHRISTIAN SAMONTE', 'LOGGED IN', '10.216.11.133', '2025-09-10 13:44:45', '2025-09-10 13:44:45');
INSERT INTO `audit_trail` VALUES (0000000311, 'CHRISTIAN SAMONTE', 'LOGGED OUT', '10.216.11.133', '2025-09-10 13:54:19', '2025-09-10 13:54:19');
INSERT INTO `audit_trail` VALUES (0000000312, 'CHRISTIAN SAMONTE', 'LOGGED IN', '10.216.11.133', '2025-09-10 13:54:22', '2025-09-10 13:54:22');
INSERT INTO `audit_trail` VALUES (0000000313, 'CHRISTIAN SAMONTE', 'LOGGED OUT', '10.216.11.133', '2025-09-10 14:11:54', '2025-09-10 14:11:54');
INSERT INTO `audit_trail` VALUES (0000000314, 'SEUS PIOLO MESINA', 'LOGGED IN', '10.216.11.94', '2025-09-10 14:11:59', '2025-09-10 14:11:59');
INSERT INTO `audit_trail` VALUES (0000000315, 'SEUS PIOLO MESINA', 'LOGGED OUT', '10.216.11.94', '2025-09-10 14:12:06', '2025-09-10 14:12:06');
INSERT INTO `audit_trail` VALUES (0000000316, 'CHRISTIAN SAMONTE', 'LOGGED IN', '10.216.11.133', '2025-09-10 14:12:26', '2025-09-10 14:12:26');
INSERT INTO `audit_trail` VALUES (0000000317, 'SEUS PIOLO MESINA', 'LOGGED IN', '10.216.11.94', '2025-09-10 14:12:27', '2025-09-10 14:12:27');
INSERT INTO `audit_trail` VALUES (0000000318, 'CHRISTIAN SAMONTE', 'LOGGED OUT', '10.216.11.133', '2025-09-10 14:12:34', '2025-09-10 14:12:34');
INSERT INTO `audit_trail` VALUES (0000000319, 'CHRISTIAN SAMONTE', 'LOGGED IN', '10.216.11.133', '2025-09-10 14:12:38', '2025-09-10 14:12:38');
INSERT INTO `audit_trail` VALUES (0000000320, 'CHRISTIAN SAMONTE', 'LOGGED OUT', '10.216.11.133', '2025-09-10 14:13:08', '2025-09-10 14:13:08');
INSERT INTO `audit_trail` VALUES (0000000321, 'CHRISTIAN SAMONTE', 'LOGGED IN', '10.216.11.133', '2025-09-10 14:13:11', '2025-09-10 14:13:11');
INSERT INTO `audit_trail` VALUES (0000000322, 'CHRISTIAN SAMONTE', 'LOGGED OUT', '10.216.11.133', '2025-09-10 14:13:23', '2025-09-10 14:13:23');
INSERT INTO `audit_trail` VALUES (0000000323, 'CHRISTIAN SAMONTE', 'LOGGED IN', '10.216.11.133', '2025-09-10 14:13:45', '2025-09-10 14:13:45');
INSERT INTO `audit_trail` VALUES (0000000324, 'CHRISTIAN SAMONTE', 'LOGGED OUT', '10.216.11.133', '2025-09-10 14:13:58', '2025-09-10 14:13:58');
INSERT INTO `audit_trail` VALUES (0000000325, 'CHRISTIAN SAMONTE', 'LOGGED IN', '10.216.11.133', '2025-09-10 14:14:08', '2025-09-10 14:14:08');
INSERT INTO `audit_trail` VALUES (0000000326, 'CHRISTIAN SAMONTE', 'LOGGED OUT', '10.216.11.133', '2025-09-10 14:14:24', '2025-09-10 14:14:24');
INSERT INTO `audit_trail` VALUES (0000000327, 'CHRISTIAN SAMONTE', 'LOGGED IN', '10.216.11.133', '2025-09-10 14:14:32', '2025-09-10 14:14:32');
INSERT INTO `audit_trail` VALUES (0000000328, 'CHRISTIAN SAMONTE', 'LOGGED OUT', '10.216.11.133', '2025-09-10 14:38:16', '2025-09-10 14:38:16');
INSERT INTO `audit_trail` VALUES (0000000329, 'CHRISTIAN SAMONTE', 'LOGGED IN', '10.216.11.133', '2025-09-10 14:38:25', '2025-09-10 14:38:25');
INSERT INTO `audit_trail` VALUES (0000000330, 'SEUS PIOLO MESINA', 'LOGGED OUT', '10.216.11.94', '2025-09-10 14:45:18', '2025-09-10 14:45:18');
INSERT INTO `audit_trail` VALUES (0000000331, 'CHRISTIAN SAMONTE', 'LOGGED IN', '10.216.15.85', '2025-09-10 14:52:14', '2025-09-10 14:52:14');
INSERT INTO `audit_trail` VALUES (0000000332, 'SEUS PIOLO MESINA', 'LOGGED IN', '10.216.11.94', '2025-09-10 14:54:57', '2025-09-10 14:54:57');
INSERT INTO `audit_trail` VALUES (0000000333, 'SEUS PIOLO MESINA', 'LOGGED OUT', '10.216.11.94', '2025-09-10 15:02:19', '2025-09-10 15:02:19');
INSERT INTO `audit_trail` VALUES (0000000334, 'CHRISTIAN SAMONTE', 'LOGGED OUT', '10.216.11.133', '2025-09-10 15:12:38', '2025-09-10 15:12:38');
INSERT INTO `audit_trail` VALUES (0000000335, 'CHRISTIAN SAMONTE', 'LOGGED IN', '10.216.11.133', '2025-09-10 15:12:48', '2025-09-10 15:12:48');
INSERT INTO `audit_trail` VALUES (0000000336, 'CHRISTIAN SAMONTE', 'LOGGED OUT', '10.216.11.133', '2025-09-10 15:12:53', '2025-09-10 15:12:53');
INSERT INTO `audit_trail` VALUES (0000000337, 'CHRISTIAN SAMONTE', 'LOGGED IN', '10.216.11.133', '2025-09-10 15:12:55', '2025-09-10 15:12:55');
INSERT INTO `audit_trail` VALUES (0000000338, 'CHRISTIAN SAMONTE', 'LOGGED OUT', '10.216.11.133', '2025-09-10 15:12:59', '2025-09-10 15:12:59');
INSERT INTO `audit_trail` VALUES (0000000339, 'CHRISTIAN SAMONTE', 'LOGGED IN', '10.216.11.133', '2025-09-10 15:13:05', '2025-09-10 15:13:05');
INSERT INTO `audit_trail` VALUES (0000000340, 'SEUS PIOLO MESINA', 'LOGGED IN', '10.216.15.76', '2025-09-10 15:58:58', '2025-09-10 15:58:58');
INSERT INTO `audit_trail` VALUES (0000000341, 'SEUS PIOLO MESINA', 'LOGGED OUT', '10.216.15.76', '2025-09-10 16:00:39', '2025-09-10 16:00:39');
INSERT INTO `audit_trail` VALUES (0000000342, 'CHRISTIAN SAMONTE', 'LOGGED OUT', '10.216.11.133', '2025-09-10 18:53:18', '2025-09-10 18:53:18');
INSERT INTO `audit_trail` VALUES (0000000343, 'CHRISTIAN SAMONTE', 'LOGGED IN', '10.216.11.133', '2025-09-10 18:53:21', '2025-09-10 18:53:21');
INSERT INTO `audit_trail` VALUES (0000000344, 'CHRISTIAN SAMONTE', 'LOGGED OUT', '10.216.11.133', '2025-09-10 18:53:31', '2025-09-10 18:53:31');
INSERT INTO `audit_trail` VALUES (0000000345, 'CHRISTIAN SAMONTE', 'LOGGED IN', '10.216.11.133', '2025-09-10 18:53:34', '2025-09-10 18:53:34');
INSERT INTO `audit_trail` VALUES (0000000346, 'CHRISTIAN SAMONTE', 'LOGGED OUT', '10.216.11.133', '2025-09-10 19:03:47', '2025-09-10 19:03:47');
INSERT INTO `audit_trail` VALUES (0000000347, 'CHRISTIAN SAMONTE', 'LOGGED IN', '10.216.11.133', '2025-09-10 19:04:06', '2025-09-10 19:04:06');
INSERT INTO `audit_trail` VALUES (0000000348, 'CHRISTIAN SAMONTE', 'LOGGED OUT', '10.216.11.133', '2025-09-10 19:05:48', '2025-09-10 19:05:48');
INSERT INTO `audit_trail` VALUES (0000000349, 'CHRISTIAN SAMONTE', 'LOGGED IN', '10.216.11.133', '2025-09-10 19:06:34', '2025-09-10 19:06:34');
INSERT INTO `audit_trail` VALUES (0000000350, 'MARICEL REGIDOR', 'LOGGED IN', '10.216.11.121', '2025-09-10 19:22:33', '2025-09-10 19:22:33');
INSERT INTO `audit_trail` VALUES (0000000351, 'CHRISTIAN SAMONTE', 'LOGGED IN', '10.216.11.133', '2025-09-11 11:14:05', '2025-09-11 11:14:05');
INSERT INTO `audit_trail` VALUES (0000000352, 'JHOMELL JASPIO', 'LOGGED IN', '10.216.11.85', '2025-09-11 11:29:56', '2025-09-11 11:29:56');
INSERT INTO `audit_trail` VALUES (0000000353, 'CHRISTIAN SAMONTE', 'LOGGED IN', '10.216.11.133', '2025-09-11 11:59:18', '2025-09-11 11:59:18');
INSERT INTO `audit_trail` VALUES (0000000354, 'SEUS PIOLO MESINA', 'LOGGED IN', '10.216.11.94', '2025-09-11 13:34:21', '2025-09-11 13:34:21');
INSERT INTO `audit_trail` VALUES (0000000355, 'SEUS PIOLO MESINA', 'LOGGED OUT', '10.216.11.94', '2025-09-11 13:34:50', '2025-09-11 13:34:50');
INSERT INTO `audit_trail` VALUES (0000000356, 'JHOMELL JASPIO', 'LOGGED IN', '10.216.11.85', '2025-09-11 14:10:22', '2025-09-11 14:10:22');
INSERT INTO `audit_trail` VALUES (0000000357, 'JHOMELL JASPIO', 'LOGGED IN', '10.216.11.85', '2025-09-11 14:10:59', '2025-09-11 14:10:59');
INSERT INTO `audit_trail` VALUES (0000000358, 'JHOMELL JASPIO', 'LOGGED IN', '10.216.11.85', '2025-09-11 14:11:52', '2025-09-11 14:11:52');
INSERT INTO `audit_trail` VALUES (0000000359, 'MARICEL REGIDOR', 'LOGGED IN', '10.216.11.121', '2025-09-11 17:43:09', '2025-09-11 17:43:09');
INSERT INTO `audit_trail` VALUES (0000000360, 'CHRISTIAN SAMONTE', 'LOGGED OUT', '10.216.11.133', '2025-09-11 18:26:35', '2025-09-11 18:26:35');
INSERT INTO `audit_trail` VALUES (0000000361, 'CHRISTIAN SAMONTE', 'LOGGED IN', '10.216.11.133', '2025-09-11 18:26:42', '2025-09-11 18:26:42');
INSERT INTO `audit_trail` VALUES (0000000362, 'CHRISTIAN SAMONTE', 'LOGGED OUT', '10.216.11.133', '2025-09-11 18:35:55', '2025-09-11 18:35:55');
INSERT INTO `audit_trail` VALUES (0000000363, 'CHRISTIAN SAMONTE', 'LOGGED IN', '10.216.11.133', '2025-09-11 18:36:40', '2025-09-11 18:36:40');
INSERT INTO `audit_trail` VALUES (0000000364, 'SEUS PIOLO MESINA', 'LOGGED IN', '10.216.11.94', '2025-09-11 18:38:27', '2025-09-11 18:38:27');
INSERT INTO `audit_trail` VALUES (0000000365, 'JHOMELL JASPIO', 'LOGGED OUT', '10.216.11.85', '2025-09-11 18:39:14', '2025-09-11 18:39:14');
INSERT INTO `audit_trail` VALUES (0000000366, 'JHOMELL JASPIO', 'LOGGED IN', '10.216.11.85', '2025-09-11 18:39:33', '2025-09-11 18:39:33');
INSERT INTO `audit_trail` VALUES (0000000367, 'SEUS PIOLO MESINA', 'LOGGED OUT', '10.216.11.94', '2025-09-11 18:44:25', '2025-09-11 18:44:25');
INSERT INTO `audit_trail` VALUES (0000000368, 'CHRISTIAN SAMONTE', 'LOGGED IN', '10.216.15.85', '2025-09-11 19:30:58', '2025-09-11 19:30:58');
INSERT INTO `audit_trail` VALUES (0000000369, 'CHRISTIAN SAMONTE', 'LOGGED IN', '10.216.15.85', '2025-09-11 19:31:04', '2025-09-11 19:31:04');
INSERT INTO `audit_trail` VALUES (0000000370, 'CHRISTIAN SAMONTE', 'LOGGED IN', '10.216.15.85', '2025-09-11 19:31:06', '2025-09-11 19:31:06');
INSERT INTO `audit_trail` VALUES (0000000371, 'CHRISTIAN SAMONTE', 'LOGGED IN', '10.216.15.85', '2025-09-11 19:31:08', '2025-09-11 19:31:08');
INSERT INTO `audit_trail` VALUES (0000000372, 'CHRISTIAN SAMONTE', 'LOGGED IN', '10.216.15.85', '2025-09-11 19:31:10', '2025-09-11 19:31:10');
INSERT INTO `audit_trail` VALUES (0000000373, 'CHRISTIAN SAMONTE', 'LOGGED IN', '10.216.15.85', '2025-09-11 19:32:27', '2025-09-11 19:32:27');
INSERT INTO `audit_trail` VALUES (0000000374, 'CHRISTIAN SAMONTE', 'LOGGED OUT', '10.216.11.133', '2025-09-11 19:35:51', '2025-09-11 19:35:51');
INSERT INTO `audit_trail` VALUES (0000000375, 'CHRISTIAN SAMONTE', 'LOGGED IN', '10.216.11.133', '2025-09-11 19:36:16', '2025-09-11 19:36:16');
INSERT INTO `audit_trail` VALUES (0000000376, 'CHRISTIAN SAMONTE', 'LOGGED OUT', '10.216.11.133', '2025-09-11 19:37:28', '2025-09-11 19:37:28');
INSERT INTO `audit_trail` VALUES (0000000377, 'CHRISTIAN SAMONTE', 'LOGGED IN', '10.216.11.133', '2025-09-11 19:37:35', '2025-09-11 19:37:35');
INSERT INTO `audit_trail` VALUES (0000000378, 'CHRISTIAN SAMONTE', 'LOGGED OUT', '10.216.11.133', '2025-09-11 19:37:44', '2025-09-11 19:37:44');
INSERT INTO `audit_trail` VALUES (0000000379, 'CHRISTIAN SAMONTE', 'LOGGED IN', '10.216.11.133', '2025-09-11 19:37:50', '2025-09-11 19:37:50');
INSERT INTO `audit_trail` VALUES (0000000380, 'CHRISTIAN SAMONTE', 'LOGGED OUT', '10.216.11.133', '2025-09-11 19:41:30', '2025-09-11 19:41:30');
INSERT INTO `audit_trail` VALUES (0000000381, 'CHRISTIAN SAMONTE', 'LOGGED IN', '10.216.11.133', '2025-09-11 19:41:37', '2025-09-11 19:41:37');
INSERT INTO `audit_trail` VALUES (0000000382, 'CHRISTIAN SAMONTE', 'LOGGED OUT', '10.216.11.133', '2025-09-11 19:41:55', '2025-09-11 19:41:55');
INSERT INTO `audit_trail` VALUES (0000000383, 'CHRISTIAN SAMONTE', 'LOGGED IN', '10.216.11.133', '2025-09-11 19:41:58', '2025-09-11 19:41:58');
INSERT INTO `audit_trail` VALUES (0000000384, 'JHOMELL JASPIO', 'LOGGED OUT', '10.216.11.85', '2025-09-11 19:42:09', '2025-09-11 19:42:09');
INSERT INTO `audit_trail` VALUES (0000000385, 'JHOMELL JASPIO', 'LOGGED IN', '10.216.11.85', '2025-09-11 19:42:11', '2025-09-11 19:42:11');
INSERT INTO `audit_trail` VALUES (0000000386, 'CHRISTIAN SAMONTE', 'LOGGED OUT', '10.216.11.133', '2025-09-11 19:55:54', '2025-09-11 19:55:54');
INSERT INTO `audit_trail` VALUES (0000000387, 'CHRISTIAN SAMONTE', 'LOGGED IN', '10.216.11.133', '2025-09-11 19:56:02', '2025-09-11 19:56:02');
INSERT INTO `audit_trail` VALUES (0000000388, 'CHRISTIAN SAMONTE', 'LOGGED OUT', '10.216.11.133', '2025-09-11 19:57:29', '2025-09-11 19:57:29');
INSERT INTO `audit_trail` VALUES (0000000389, 'CHRISTIAN SAMONTE', 'LOGGED IN', '10.216.11.133', '2025-09-11 19:57:37', '2025-09-11 19:57:37');
INSERT INTO `audit_trail` VALUES (0000000390, 'CHRISTIAN SAMONTE', 'LOGGED OUT', '10.216.11.133', '2025-09-11 19:58:09', '2025-09-11 19:58:09');
INSERT INTO `audit_trail` VALUES (0000000391, 'CHRISTIAN SAMONTE', 'LOGGED IN', '10.216.11.133', '2025-09-11 19:58:14', '2025-09-11 19:58:14');
INSERT INTO `audit_trail` VALUES (0000000392, 'CHRISTIAN SAMONTE', 'LOGGED OUT', '10.216.11.133', '2025-09-11 19:58:38', '2025-09-11 19:58:38');
INSERT INTO `audit_trail` VALUES (0000000393, 'CHRISTIAN SAMONTE', 'LOGGED IN', '10.216.11.133', '2025-09-11 19:58:53', '2025-09-11 19:58:53');
INSERT INTO `audit_trail` VALUES (0000000394, 'CHRISTIAN SAMONTE', 'LOGGED OUT', '10.216.11.133', '2025-09-11 20:02:06', '2025-09-11 20:02:06');
INSERT INTO `audit_trail` VALUES (0000000395, 'CHRISTIAN SAMONTE', 'LOGGED IN', '10.216.11.133', '2025-09-11 20:02:12', '2025-09-11 20:02:12');
INSERT INTO `audit_trail` VALUES (0000000396, 'CHRISTIAN SAMONTE', 'LOGGED IN', '10.216.15.85', '2025-09-11 20:23:33', '2025-09-11 20:23:33');
INSERT INTO `audit_trail` VALUES (0000000397, 'CHRISTIAN SAMONTE', 'LOGGED OUT', '10.216.11.133', '2025-09-11 20:42:55', '2025-09-11 20:42:55');
INSERT INTO `audit_trail` VALUES (0000000398, 'CHRISTIAN SAMONTE', 'LOGGED IN', '10.216.11.133', '2025-09-11 20:42:58', '2025-09-11 20:42:58');
INSERT INTO `audit_trail` VALUES (0000000399, 'JHOMELL JASPIO', 'LOGGED IN', '10.216.11.85', '2025-09-12 11:10:32', '2025-09-12 11:10:32');
INSERT INTO `audit_trail` VALUES (0000000400, 'CHRISTIAN SAMONTE', 'LOGGED IN', '10.216.11.133', '2025-09-12 11:13:39', '2025-09-12 11:13:39');

-- ----------------------------
-- Table structure for auditors
-- ----------------------------
DROP TABLE IF EXISTS `auditors`;
CREATE TABLE `auditors`  (
  `auditor_id` int(0) NOT NULL AUTO_INCREMENT,
  `user_id` int(0) NULL DEFAULT NULL,
  `area_id` int(0) NULL DEFAULT NULL,
  `fullname` varchar(255) CHARACTER SET utf8mb4 COLLATE utf8mb4_0900_ai_ci NOT NULL,
  `email` varchar(255) CHARACTER SET utf8mb4 COLLATE utf8mb4_0900_ai_ci NOT NULL,
  `created_at` timestamp(0) NOT NULL DEFAULT CURRENT_TIMESTAMP,
  `created_by` bigint unsigned NULL,
  `updated_at` timestamp(0) NOT NULL DEFAULT CURRENT_TIMESTAMP ON UPDATE CURRENT_TIMESTAMP(0),
  `updated_by` bigint unsigned NULL,
  PRIMARY KEY (`auditor_id`) USING BTREE
) ENGINE = InnoDB AUTO_INCREMENT = 3 CHARACTER SET = utf8mb4 COLLATE = utf8mb4_0900_ai_ci ROW_FORMAT = Dynamic;

-- ----------------------------
-- Records of auditors
-- ----------------------------
INSERT INTO `auditors` VALUES (1, 1, 1, 'CHRISTIAN SAMONTE', 'christian.samonte@nidec.com', '2025-09-11 18:59:11', NULL, '2025-09-11 18:59:11', NULL);
INSERT INTO `auditors` VALUES (2, 2, 32, 'JHOMELL JASPIO', 'christian.samonte@nidec.com', '2025-09-12 13:16:56', NULL, '2025-09-12 13:16:56', NULL);
INSERT INTO `auditors` VALUES (3, 2, 15, 'JHOMELL JASPIO', 'christian.samonte@nidec.com', '2025-09-12 16:31:19', NULL, '2025-09-12 16:31:19', NULL);

-- ----------------------------
-- Table structure for building
-- ----------------------------
DROP TABLE IF EXISTS `building`;
CREATE TABLE `building`  (
  `building_id` bigint unsigned NOT NULL,
  `building_name` varchar(255) CHARACTER SET utf8mb4 COLLATE utf8mb4_0900_ai_ci NOT NULL,
  `x_coords` decimal(10, 0) NOT NULL,
  `y_coords` decimal(10, 0) NOT NULL,
  `created_at` timestamp(0) NOT NULL DEFAULT CURRENT_TIMESTAMP,
  `created_by` bigint unsigned NULL,
  `updated_at` timestamp(0) NOT NULL DEFAULT CURRENT_TIMESTAMP ON UPDATE CURRENT_TIMESTAMP(0),
  `updated_by` bigint unsigned NULL,
  PRIMARY KEY (`building_id`) USING BTREE
) ENGINE = InnoDB AUTO_INCREMENT = 8 CHARACTER SET = utf8mb4 COLLATE = utf8mb4_0900_ai_ci ROW_FORMAT = Dynamic;

-- ----------------------------
-- Records of building
-- ----------------------------
INSERT INTO `building` VALUES (1, 'Building A', 350, 410, '2025-09-01 01:47:30', NULL, '2025-09-12 08:42:10', NULL);
INSERT INTO `building` VALUES (2, 'Building B', 200, 100, '2025-09-01 03:03:55', NULL, '2025-09-11 15:47:46', NULL);
INSERT INTO `building` VALUES (3, 'Building C', 1088, 370, '2025-09-01 03:04:03', NULL, '2025-09-11 09:34:53', NULL);
INSERT INTO `building` VALUES (4, 'Diecast Building', 1235, 244, '2025-09-01 03:19:41', NULL, '2025-09-11 16:43:17', NULL);
INSERT INTO `building` VALUES (5, 'MB1', 859, 236, '2025-09-01 03:40:55', NULL, '2025-09-11 13:53:44', NULL);
INSERT INTO `building` VALUES (7, 'MB2', 933, 224, '2025-09-11 17:54:36', NULL, '2025-09-11 14:47:16', NULL);

-- ----------------------------
-- Table structure for checksheet_data
-- ----------------------------
DROP TABLE IF EXISTS `checksheet_data`;
CREATE TABLE `checksheet_data`  (
  `data_id` int(0) NOT NULL AUTO_INCREMENT,
  `checksheet_id` int(0) NOT NULL,
  `building_id` bigint unsigned NOT NULL,
  `area_id` bigint unsigned NOT NULL,
  `item_id` bigint unsigned NOT NULL,
  `dri_id` int(0) NULL DEFAULT NULL COMMENT 'DEPARTMENT ID\r\n',
  `findings_id` text CHARACTER SET utf8mb4 COLLATE utf8mb4_0900_ai_ci NULL,
  `finding_image` varchar(255) CHARACTER SET utf8mb4 COLLATE utf8mb4_0900_ai_ci NULL DEFAULT NULL,
  `control` varchar(255) CHARACTER SET utf8mb4 COLLATE utf8mb4_0900_ai_ci NULL DEFAULT NULL,
  `sub_control` varchar(255) CHARACTER SET utf8mb4 COLLATE utf8mb4_0900_ai_ci NULL DEFAULT NULL,
  `status` int(0) NOT NULL DEFAULT 0 COMMENT '0:NG, 1:OK, 2:Action Taken',
  `priority` int(0) NULL DEFAULT 0,
  `remarks` text CHARACTER SET utf8mb4 COLLATE utf8mb4_0900_ai_ci NULL,
  `feedback` text CHARACTER SET utf8mb4 COLLATE utf8mb4_0900_ai_ci NULL,
  `action_description` varchar(255) CHARACTER SET utf8mb4 COLLATE utf8mb4_0900_ai_ci NULL DEFAULT NULL,
  `action_image` varchar(255) CHARACTER SET utf8mb4 COLLATE utf8mb4_0900_ai_ci NULL DEFAULT NULL,
  `created_at` timestamp(0) NOT NULL DEFAULT CURRENT_TIMESTAMP,
  `created_by` bigint unsigned NULL,
  `updated_at` timestamp(0) NOT NULL DEFAULT CURRENT_TIMESTAMP ON UPDATE CURRENT_TIMESTAMP(0),
  `updated_by` bigint unsigned NULL,
  `submitted_date` date NULL DEFAULT NULL,
  PRIMARY KEY (`data_id`) USING BTREE
) ENGINE = InnoDB AUTO_INCREMENT = 3 CHARACTER SET = utf8mb4 COLLATE = utf8mb4_0900_ai_ci ROW_FORMAT = Dynamic;

-- ----------------------------
-- Records of checksheet_data
-- ----------------------------
INSERT INTO `checksheet_data` VALUES (1, 1, 1, 1, 12, 1, '[\"23\"]', '1757693690_a1584bf77e6520cfd2c2.png', 'Guest Room 1-1756734471', 'Guest Room 1-1756734471_001', 1, 1, 'asda', 'asdasdasdasd', 'swderftghy', '09122025_1_1757701480.png', '2025-09-12 16:14:50', 1, '2025-09-12 18:34:57', NULL, '2025-09-12');
INSERT INTO `checksheet_data` VALUES (2, 1, 1, 1, 15, 1, '[\"26\"]', '1757694311_bd7aa6af44560bde30ca.png', 'Guest Room 1-1756734471', 'Guest Room 1-1756734471_001', 0, 0, 'asd', NULL, NULL, NULL, '2025-09-12 16:25:11', 1, '2025-09-12 16:25:11', NULL, '2025-09-12');
INSERT INTO `checksheet_data` VALUES (3, 1, 1, 1, 19, 1, '[\"30\"]', '1757695437_cb2a7164e40cfd3f44c6.png', 'Guest Room 1-1756734471', 'Guest Room 1-1756734471_001', 0, 0, 'asd', NULL, NULL, NULL, '2025-09-12 16:43:57', 1, '2025-09-12 16:43:57', NULL, '2025-09-12');
INSERT INTO `checksheet_data` VALUES (4, 1, 1, 1, 19, 1, '[\"30\"]', '1757695474_90f8b96222aa4e5179c0.png', 'Guest Room 1-1756734471', 'Guest Room 1-1756734471_001', 0, 0, '', NULL, NULL, NULL, '2025-09-12 16:44:34', 1, '2025-09-12 16:44:34', NULL, '2025-09-12');
INSERT INTO `checksheet_data` VALUES (5, 1, 1, 1, 15, 1, '[\"26\"]', '1757695512_96eb2f084f0f4407512e.png', 'Guest Room 1-1756734471', 'Guest Room 1-1756734471_001', 0, 0, 'asd', NULL, NULL, NULL, '2025-09-12 16:45:12', 1, '2025-09-12 16:45:12', NULL, '2025-09-12');
INSERT INTO `checksheet_data` VALUES (6, 1, 1, 1, 14, 1, '[\"25\"]', '1757696782_5596473ff5fad89af6a3.png', 'Guest Room 1-1756734471', 'Guest Room 1-1756734471_001', 0, 0, 'asd', NULL, NULL, NULL, '2025-09-12 17:06:22', 1, '2025-09-12 17:06:22', NULL, '2025-09-12');
INSERT INTO `checksheet_data` VALUES (7, 1, 1, 1, 1, 1, '[\"2\"]', '1757697544_c5c170df53e5ebb94465.png', 'Light_1757438340', 'Light_1757438340_001', 0, 0, 'asd', NULL, NULL, NULL, '2025-09-12 17:19:04', 1, '2025-09-12 17:19:04', NULL, '2025-09-12');
INSERT INTO `checksheet_data` VALUES (8, 1, 1, 1, 19, 1, '[\"30\"]', '1757698552_98a99d8513d164609962.png', 'Guest Room 1-1756734471', 'Guest Room 1-1756734471_001', 0, 0, 'QW', NULL, NULL, NULL, '2025-09-12 17:35:52', 1, '2025-09-12 17:35:52', NULL, '2025-09-12');
INSERT INTO `checksheet_data` VALUES (9, 1, 1, 1, 20, 1, '[\"31\"]', '1757698583_06ea4a4ddd88ff1130cb.png', 'Guest Room 1-1756734471', 'Guest Room 1-1756734471_001', 0, 0, 'ASD', NULL, NULL, NULL, '2025-09-12 17:36:23', 1, '2025-09-12 17:36:23', NULL, '2025-09-12');
INSERT INTO `checksheet_data` VALUES (10, 1, 1, 1, 19, 1, '[\"30\"]', '1757699031_4ab29432529d4da8afdf.png', 'Guest Room 1-1756734471', 'Guest Room 1-1756734471_001', 3, 0, 'asdasd', NULL, NULL, NULL, '2025-09-12 17:43:51', 1, '2025-09-12 18:50:01', NULL, '2025-09-12');
INSERT INTO `checksheet_data` VALUES (11, 1, 1, 1, 16, 1, '[\"27\"]', NULL, 'Guest Room 1-1756734471', 'Guest Room 1-1756734471_001', 3, 1, 'asdasd', NULL, NULL, NULL, '2025-09-12 17:51:02', 1, '2025-09-12 18:47:34', NULL, '2025-09-12');
INSERT INTO `checksheet_data` VALUES (12, 1, 1, 1, 17, 1, '[\"28\"]', '1757699700_f390f79cce33937e143b.png', 'Guest Room 1-1756734471', 'Guest Room 1-1756734471_001', 0, 0, 'asd', NULL, NULL, NULL, '2025-09-12 17:55:00', 1, '2025-09-12 17:55:00', NULL, '2025-09-12');
INSERT INTO `checksheet_data` VALUES (13, 1, 1, 1, 18, 1, '[\"29\"]', '1757700169_1f8e465dc116d71aca7f.png', 'Guest Room 1-1756734471', 'Guest Room 1-1756734471_001', 3, 1, 'ASDASD', NULL, NULL, NULL, '2025-09-12 18:02:49', 1, '2025-09-12 18:39:31', NULL, '2025-09-12');
INSERT INTO `checksheet_data` VALUES (14, 1, 1, 1, 1, 1, '[\"1\"]', '1757700285_1edbcac16b3dec398c67.png', 'Light_1757438340', 'Light_1757438340_001', 0, 0, 'ASD', NULL, NULL, NULL, '2025-09-12 18:04:45', 1, '2025-09-12 18:04:45', NULL, '2025-09-12');
INSERT INTO `checksheet_data` VALUES (15, 1, 1, 1, 15, 1, '[\"26\"]', '1757700582_940a0e2de5716a7476ec.png', 'Guest Room 1-1756734471', 'Guest Room 1-1756734471_001', 1, 1, 'ASDAS', NULL, 'ASDFGHJ', '09122025_1_1757703127.png', '2025-09-12 18:09:42', 1, '2025-09-12 18:52:07', NULL, '2025-09-12');
INSERT INTO `checksheet_data` VALUES (16, 1, 1, 1, 15, 1, '[\"26\"]', '1757701142_54d82a06649e24bb7048.png', 'Guest Room 1-1756734471', 'Guest Room 1-1756734471_001', 0, 0, 'asdasds', NULL, NULL, NULL, '2025-09-12 18:19:02', 1, '2025-09-12 18:19:02', NULL, '2025-09-12');
INSERT INTO `checksheet_data` VALUES (17, 1, 1, 1, 18, 1, '[\"29\"]', '1757701188_f2c9b58485786396953c.png', 'Guest Room 1-1756734471', 'Guest Room 1-1756734471_001', 0, 0, 'asd', NULL, NULL, NULL, '2025-09-12 18:19:48', 1, '2025-09-12 18:19:48', NULL, '2025-09-12');
INSERT INTO `checksheet_data` VALUES (18, 1, 1, 1, 1, 4, '[\"2\"]', '1757701256_36c099994a0a11537364.png', 'Light_1757438340', 'Light_1757438340_001', 0, 1, 'asd', NULL, NULL, NULL, '2025-09-12 18:20:56', 1, '2025-09-12 18:20:56', NULL, '2025-09-12');
INSERT INTO `checksheet_data` VALUES (19, 1, 1, 1, 2, 1, '[\"6\"]', '1757701256_5e3370f4b8b063c236ba.png', 'Guest Room 1-1756734471', 'Guest Room 1-1756734471_002', 0, 0, 'asd', NULL, NULL, NULL, '2025-09-12 18:20:56', 1, '2025-09-12 18:20:56', NULL, '2025-09-12');

-- ----------------------------
-- Table structure for checksheet_hold
-- ----------------------------
DROP TABLE IF EXISTS `checksheet_hold`;
CREATE TABLE `checksheet_hold`  (
  `hold_id` int(0) NOT NULL AUTO_INCREMENT,
  `data_id` int(0) NOT NULL COMMENT 'Foreign key to checksheet_data table',
  `checksheet_id` int(0) NOT NULL,
  `hold_ref` bigint(0) NOT NULL,
  `action_description` text CHARACTER SET utf8mb4 COLLATE utf8mb4_0900_ai_ci NULL,
  `action_image` varchar(255) CHARACTER SET utf8mb4 COLLATE utf8mb4_0900_ai_ci NULL DEFAULT NULL,
  `declared_closure_date` date NULL DEFAULT NULL,
  `status` tinyint(1) NOT NULL DEFAULT 0 COMMENT '0=Pending, 1=Completed',
  `created_at` timestamp(0) NOT NULL DEFAULT CURRENT_TIMESTAMP,
  PRIMARY KEY (`hold_id`) USING BTREE,
  INDEX `idx_data_id`(`data_id`) USING BTREE
) ENGINE = InnoDB AUTO_INCREMENT = 4 CHARACTER SET = utf8mb4 COLLATE = utf8mb4_0900_ai_ci ROW_FORMAT = Dynamic;

-- ----------------------------
-- Records of checksheet_hold
-- ----------------------------
INSERT INTO `checksheet_hold` VALUES (1, 13, 1, 1757702370, 'ASDFVGBN', NULL, '2025-09-12', 0, '2025-09-12 14:39:30');
INSERT INTO `checksheet_hold` VALUES (2, 11, 1, 1757702854, 'asdsadasd', NULL, '2025-09-12', 0, '2025-09-12 14:47:34');
INSERT INTO `checksheet_hold` VALUES (3, 10, 1, 1757703001, 'ASDFGHJ', NULL, '2025-09-12', 0, '2025-09-12 14:50:01');

-- ----------------------------
-- Table structure for checksheet_info
-- ----------------------------
DROP TABLE IF EXISTS `checksheet_info`;
CREATE TABLE `checksheet_info`  (
  `checksheet_id` bigint unsigned NOT NULL,
  `building_id` bigint unsigned NOT NULL,
  `area_id` bigint unsigned NOT NULL,
  `item_id` bigint unsigned NOT NULL,
  `dri_id` bigint unsigned NOT NULL COMMENT 'AUDITOR ID',
  `findings_id` bigint unsigned NOT NULL,
  `finding_image` varchar(255) CHARACTER SET utf8mb4 COLLATE utf8mb4_0900_ai_ci NULL DEFAULT NULL,
  `status` int(0) NULL DEFAULT 0,
  `remarks` text CHARACTER SET utf8mb4 COLLATE utf8mb4_0900_ai_ci NULL,
  `created_at` timestamp(0) NOT NULL DEFAULT CURRENT_TIMESTAMP,
  `created_by` bigint unsigned NULL,
  `updated_at` timestamp(0) NOT NULL DEFAULT CURRENT_TIMESTAMP ON UPDATE CURRENT_TIMESTAMP(0),
  `updated_by` bigint unsigned NULL,
  PRIMARY KEY (`checksheet_id`) USING BTREE
) ENGINE = InnoDB AUTO_INCREMENT = 3 CHARACTER SET = utf8mb4 COLLATE = utf8mb4_0900_ai_ci ROW_FORMAT = Dynamic;

-- ----------------------------
-- Records of checksheet_info
-- ----------------------------
INSERT INTO `checksheet_info` VALUES (1, 1, 1, 0, 1, 0, NULL, 1, NULL, '2025-09-11 18:59:19', NULL, '2025-09-12 14:24:25', NULL);
INSERT INTO `checksheet_info` VALUES (2, 4, 32, 0, 2, 0, NULL, 1, NULL, '2025-09-12 13:17:07', NULL, '2025-09-12 13:19:45', NULL);
INSERT INTO `checksheet_info` VALUES (3, 1, 15, 0, 2, 0, NULL, 0, NULL, '2025-09-12 16:32:31', NULL, '2025-09-12 16:32:31', NULL);

-- ----------------------------
-- Table structure for department
-- ----------------------------
DROP TABLE IF EXISTS `department`;
CREATE TABLE `department`  (
  `department_id` bigint unsigned NOT NULL,
  `department_name` varchar(255) CHARACTER SET utf8mb4 COLLATE utf8mb4_0900_ai_ci NOT NULL,
  `created_at` timestamp(0) NOT NULL DEFAULT CURRENT_TIMESTAMP,
  `created_by` bigint unsigned NULL,
  `updated_at` timestamp(0) NOT NULL DEFAULT CURRENT_TIMESTAMP ON UPDATE CURRENT_TIMESTAMP(0),
  `updated_by` bigint unsigned NULL,
  PRIMARY KEY (`department_id`) USING BTREE
) ENGINE = InnoDB AUTO_INCREMENT = 3 CHARACTER SET = utf8mb4 COLLATE = utf8mb4_0900_ai_ci ROW_FORMAT = Dynamic;

-- ----------------------------
-- Records of department
-- ----------------------------
INSERT INTO `department` VALUES (1, 'Engineering Module', '2025-09-01 01:46:18', NULL, '2025-09-01 01:46:18', NULL);
INSERT INTO `department` VALUES (2, 'Administration & Accounting', '2025-09-10 18:28:17', NULL, '2025-09-10 18:28:17', NULL);

-- ----------------------------
-- Table structure for division
-- ----------------------------
DROP TABLE IF EXISTS `division`;
CREATE TABLE `division`  (
  `division_id` bigint unsigned NOT NULL,
  `department_id` bigint unsigned NOT NULL,
  `division_name` varchar(255) CHARACTER SET utf8mb4 COLLATE utf8mb4_0900_ai_ci NOT NULL,
  `created_at` timestamp(0) NOT NULL DEFAULT CURRENT_TIMESTAMP,
  `created_by` bigint unsigned NULL,
  `updated_at` timestamp(0) NOT NULL DEFAULT CURRENT_TIMESTAMP ON UPDATE CURRENT_TIMESTAMP(0),
  `updated_by` bigint unsigned NULL,
  PRIMARY KEY (`division_id`) USING BTREE
) ENGINE = InnoDB AUTO_INCREMENT = 2 CHARACTER SET = utf8mb4 COLLATE = utf8mb4_0900_ai_ci ROW_FORMAT = Dynamic;

-- ----------------------------
-- Records of division
-- ----------------------------
INSERT INTO `division` VALUES (1, 1, 'Engineering Module', '2025-09-01 01:46:48', NULL, '2025-09-01 01:46:48', NULL);

-- ----------------------------
-- Table structure for dri
-- ----------------------------
DROP TABLE IF EXISTS `dri`;
CREATE TABLE `dri`  (
  `dri_id` bigint unsigned NOT NULL,
  `user_id` int(0) NULL DEFAULT NULL,
  `area_id` int(0) NULL DEFAULT NULL,
  `section_id` bigint unsigned NULL,
  `division_id` bigint unsigned NULL,
  `department_id` bigint unsigned NULL,
  `fullname` varchar(255) CHARACTER SET utf8mb4 COLLATE utf8mb4_0900_ai_ci NOT NULL,
  `email` varchar(255) CHARACTER SET utf8mb4 COLLATE utf8mb4_0900_ai_ci NOT NULL,
  `assigned_building` varchar(255) CHARACTER SET utf8mb4 COLLATE utf8mb4_0900_ai_ci NULL DEFAULT NULL,
  `assigned_area` varchar(255) CHARACTER SET utf8mb4 COLLATE utf8mb4_0900_ai_ci NULL DEFAULT NULL,
  `created_at` timestamp(0) NOT NULL DEFAULT CURRENT_TIMESTAMP,
  `created_by` bigint unsigned NULL,
  `updated_at` timestamp(0) NOT NULL DEFAULT CURRENT_TIMESTAMP ON UPDATE CURRENT_TIMESTAMP(0),
  `updated_by` bigint unsigned NULL,
  PRIMARY KEY (`dri_id`) USING BTREE
) ENGINE = InnoDB AUTO_INCREMENT = 3 CHARACTER SET = utf8mb4 COLLATE = utf8mb4_0900_ai_ci ROW_FORMAT = Dynamic;

-- ----------------------------
-- Records of dri
-- ----------------------------
INSERT INTO `dri` VALUES (1, NULL, 1, NULL, NULL, 1, 'Engineering Module', '', '1', '1', '2025-09-11 18:59:04', NULL, '2025-09-11 18:59:04', NULL);
INSERT INTO `dri` VALUES (2, NULL, 32, NULL, NULL, 1, 'Engineering Module', '', '4', '32', '2025-09-12 13:19:20', NULL, '2025-09-12 13:19:20', NULL);
INSERT INTO `dri` VALUES (3, NULL, 15, NULL, NULL, 1, 'Engineering Module', '', '1', '15', '2025-09-12 16:33:14', NULL, '2025-09-12 16:33:14', NULL);
INSERT INTO `dri` VALUES (4, NULL, 1, NULL, NULL, 2, 'Administration & Accounting', '', '1', '1', '2025-09-12 18:20:26', NULL, '2025-09-12 18:20:26', NULL);

-- ----------------------------
-- Table structure for findings_type
-- ----------------------------
DROP TABLE IF EXISTS `findings_type`;
CREATE TABLE `findings_type`  (
  `findings_id` bigint unsigned NOT NULL,
  `item_id` bigint unsigned NOT NULL,
  `findings_name` varchar(255) CHARACTER SET utf8mb4 COLLATE utf8mb4_0900_ai_ci NOT NULL,
  `created_at` timestamp(0) NOT NULL DEFAULT CURRENT_TIMESTAMP,
  `created_by` bigint unsigned NULL,
  `updated_at` timestamp(0) NOT NULL DEFAULT CURRENT_TIMESTAMP ON UPDATE CURRENT_TIMESTAMP(0),
  `updated_by` bigint unsigned NULL,
  PRIMARY KEY (`findings_id`) USING BTREE
) ENGINE = InnoDB AUTO_INCREMENT = 21 CHARACTER SET = utf8mb4 COLLATE = utf8mb4_0900_ai_ci ROW_FORMAT = Dynamic;

-- ----------------------------
-- Records of findings_type
-- ----------------------------
INSERT INTO `findings_type` VALUES (1, 1, 'Busted', '2025-09-09 05:19:00', NULL, '2025-09-09 05:19:00', NULL);
INSERT INTO `findings_type` VALUES (2, 1, 'Missing', '2025-09-09 05:19:00', NULL, '2025-09-09 05:19:00', NULL);
INSERT INTO `findings_type` VALUES (3, 1, 'Blurred', '2025-09-09 05:19:00', NULL, '2025-09-09 05:19:00', NULL);
INSERT INTO `findings_type` VALUES (5, 4, 'something', '2025-09-10 12:48:12', NULL, '2025-09-10 12:48:12', NULL);
INSERT INTO `findings_type` VALUES (6, 2, 'something', '2025-09-10 12:49:01', NULL, '2025-09-10 12:49:01', NULL);
INSERT INTO `findings_type` VALUES (10, 5, 'findings 1', '2025-09-10 14:39:26', NULL, '2025-09-10 14:39:26', NULL);
INSERT INTO `findings_type` VALUES (11, 5, 'asdh', '2025-09-10 14:39:26', NULL, '2025-09-10 14:39:26', NULL);
INSERT INTO `findings_type` VALUES (12, 5, 'asdkjhaskjdhkjas', '2025-09-10 14:39:26', NULL, '2025-09-10 14:39:26', NULL);
INSERT INTO `findings_type` VALUES (13, 6, 'asdasd', '2025-09-10 14:41:41', NULL, '2025-09-10 14:41:41', NULL);
INSERT INTO `findings_type` VALUES (14, 7, 'Rusty', '2025-09-10 14:55:27', NULL, '2025-09-10 14:55:27', NULL);
INSERT INTO `findings_type` VALUES (15, 7, 'Bulok', '2025-09-10 14:55:27', NULL, '2025-09-10 14:55:27', NULL);
INSERT INTO `findings_type` VALUES (16, 7, 'Mabaho', '2025-09-10 14:55:27', NULL, '2025-09-10 14:55:27', NULL);
INSERT INTO `findings_type` VALUES (17, 8, 'Entangled', '2025-09-10 15:00:10', NULL, '2025-09-10 15:00:10', NULL);
INSERT INTO `findings_type` VALUES (18, 9, 'Missing Doorknob', '2025-09-10 18:02:33', NULL, '2025-09-10 18:02:33', NULL);
INSERT INTO `findings_type` VALUES (19, 10, 'Dirty', '2025-09-10 18:07:37', NULL, '2025-09-10 18:07:37', NULL);
INSERT INTO `findings_type` VALUES (20, 11, 'Broken', '2025-09-12 13:18:49', NULL, '2025-09-12 13:18:49', NULL);
INSERT INTO `findings_type` VALUES (21, 12, 'sam', '2025-09-12 14:51:35', NULL, '2025-09-12 14:51:35', NULL);
INSERT INTO `findings_type` VALUES (22, 12, 'test', '2025-09-12 14:51:35', NULL, '2025-09-12 14:51:35', NULL);
INSERT INTO `findings_type` VALUES (23, 12, 'sample', '2025-09-12 14:51:35', NULL, '2025-09-12 14:51:35', NULL);
INSERT INTO `findings_type` VALUES (24, 13, 'asdasdasd', '2025-09-12 15:29:04', NULL, '2025-09-12 15:29:04', NULL);
INSERT INTO `findings_type` VALUES (25, 14, 'asd', '2025-09-12 15:30:50', NULL, '2025-09-12 15:30:50', NULL);
INSERT INTO `findings_type` VALUES (26, 15, 'ssadasdasdasdasd', '2025-09-12 15:33:04', NULL, '2025-09-12 15:33:04', NULL);
INSERT INTO `findings_type` VALUES (27, 16, 'asd', '2025-09-12 15:41:15', NULL, '2025-09-12 15:41:15', NULL);
INSERT INTO `findings_type` VALUES (28, 17, 'asdsadsa', '2025-09-12 15:42:17', NULL, '2025-09-12 15:42:17', NULL);
INSERT INTO `findings_type` VALUES (29, 18, 'asdasdasd', '2025-09-12 15:57:51', NULL, '2025-09-12 15:57:51', NULL);
INSERT INTO `findings_type` VALUES (30, 19, 'asdasdasda', '2025-09-12 15:58:14', NULL, '2025-09-12 15:58:14', NULL);
INSERT INTO `findings_type` VALUES (31, 20, 'asdasd', '2025-09-12 15:59:21', NULL, '2025-09-12 15:59:21', NULL);
INSERT INTO `findings_type` VALUES (32, 21, 'sdasdadasdasdasdasdasdasd', '2025-09-12 15:59:49', NULL, '2025-09-12 15:59:49', NULL);
INSERT INTO `findings_type` VALUES (33, 22, 'SAMPLE', '2025-09-12 16:00:51', NULL, '2025-09-12 16:00:51', NULL);
INSERT INTO `findings_type` VALUES (34, 22, 'SAMPLE', '2025-09-12 16:00:51', NULL, '2025-09-12 16:00:51', NULL);
INSERT INTO `findings_type` VALUES (35, 22, 'SAMPLE', '2025-09-12 16:00:51', NULL, '2025-09-12 16:00:51', NULL);
INSERT INTO `findings_type` VALUES (36, 23, '123', '2025-09-12 16:03:52', NULL, '2025-09-12 16:03:52', NULL);
INSERT INTO `findings_type` VALUES (37, 25, 'Missing Lock', '2025-09-12 16:32:16', NULL, '2025-09-12 16:32:16', NULL);

-- ----------------------------
-- Table structure for item
-- ----------------------------
DROP TABLE IF EXISTS `item`;
CREATE TABLE `item`  (
  `item_id` bigint unsigned NOT NULL,
  `area_id` bigint unsigned NOT NULL,
  `building_id` bigint unsigned NOT NULL,
  `item_name` varchar(255) CHARACTER SET utf8mb4 COLLATE utf8mb4_0900_ai_ci NOT NULL,
  `control` varchar(255) CHARACTER SET utf8mb4 COLLATE utf8mb4_0900_ai_ci NOT NULL,
  `created_at` timestamp(0) NOT NULL DEFAULT CURRENT_TIMESTAMP,
  `created_by` bigint unsigned NULL,
  `updated_at` timestamp(0) NOT NULL DEFAULT CURRENT_TIMESTAMP ON UPDATE CURRENT_TIMESTAMP(0),
  `updated_by` bigint unsigned NULL,
  PRIMARY KEY (`item_id`) USING BTREE
) ENGINE = InnoDB AUTO_INCREMENT = 12 CHARACTER SET = utf8mb4 COLLATE = utf8mb4_0900_ai_ci ROW_FORMAT = Dynamic;

-- ----------------------------
-- Records of item
-- ----------------------------
INSERT INTO `item` VALUES (1, 1, 1, 'Light', 'Light_1757438340', '2025-09-09 05:19:00', NULL, '2025-09-09 05:19:00', NULL);
INSERT INTO `item` VALUES (2, 1, 1, 'Chair', 'Guest Room 1-1756734471', '2025-09-10 12:18:54', NULL, '2025-09-11 14:45:52', NULL);
INSERT INTO `item` VALUES (3, 4, 1, 'Monitor', 'Admin Storage-1756739829', '2025-09-10 12:35:16', 1, '2025-09-11 14:46:11', NULL);
INSERT INTO `item` VALUES (4, 3, 1, 'Ceiling', 'Admin Office-1756739769', '2025-09-10 12:36:34', 1, '2025-09-11 14:45:58', NULL);
INSERT INTO `item` VALUES (5, 1, 1, 'Faucet', 'Guest Room 1-1756734471', '2025-09-10 14:11:00', 1, '2025-09-11 14:46:37', NULL);
INSERT INTO `item` VALUES (6, 4, 1, 'Server Room Door', 'asdasd1757515301', '2025-09-10 14:41:41', NULL, '2025-09-11 14:46:27', NULL);
INSERT INTO `item` VALUES (7, 13, 4, 'Machine 1', 'Machine 11757516127', '2025-09-10 14:55:27', NULL, '2025-09-10 14:55:27', NULL);
INSERT INTO `item` VALUES (8, 7, 2, 'Wiring', 'Cleanroom 2/3-1756739889', '2025-09-10 15:00:10', 1, '2025-09-11 14:46:04', NULL);
INSERT INTO `item` VALUES (9, 58, 1, 'Door', 'Door1757527259', '2025-09-10 18:00:59', NULL, '2025-09-10 18:00:59', NULL);
INSERT INTO `item` VALUES (10, 58, 1, 'Floor', 'Floor1757527640', '2025-09-10 18:07:20', NULL, '2025-09-10 18:07:20', NULL);
INSERT INTO `item` VALUES (11, 32, 4, 'Light', 'Light1757683057', '2025-09-12 13:17:37', NULL, '2025-09-12 13:17:37', NULL);
INSERT INTO `item` VALUES (12, 1, 1, 'Samonte', 'Guest Room 1-1756734471', '2025-09-12 14:51:35', 1, '2025-09-12 14:51:35', NULL);
INSERT INTO `item` VALUES (13, 1, 1, 'GA', 'Guest Room 1-1756734471', '2025-09-12 15:29:04', 1, '2025-09-12 15:29:04', NULL);
INSERT INTO `item` VALUES (14, 1, 1, 'asda', 'Guest Room 1-1756734471', '2025-09-12 15:30:50', 1, '2025-09-12 15:30:50', NULL);
INSERT INTO `item` VALUES (15, 1, 1, 'asd', 'Guest Room 1-1756734471', '2025-09-12 15:33:04', 1, '2025-09-12 15:33:04', NULL);
INSERT INTO `item` VALUES (16, 1, 1, 'asd', 'Guest Room 1-1756734471', '2025-09-12 15:41:15', 1, '2025-09-12 15:41:15', NULL);
INSERT INTO `item` VALUES (17, 1, 1, 'asd', 'Guest Room 1-1756734471', '2025-09-12 15:42:17', 1, '2025-09-12 15:42:17', NULL);
INSERT INTO `item` VALUES (18, 1, 1, 'asd', 'Guest Room 1-1756734471', '2025-09-12 15:57:51', 1, '2025-09-12 15:57:51', NULL);
INSERT INTO `item` VALUES (19, 1, 1, '123', 'Guest Room 1-1756734471', '2025-09-12 15:58:14', 1, '2025-09-12 15:58:14', NULL);
INSERT INTO `item` VALUES (20, 1, 1, 'asd', 'Guest Room 1-1756734471', '2025-09-12 15:59:21', 1, '2025-09-12 15:59:21', NULL);
INSERT INTO `item` VALUES (21, 1, 1, 'sdasdadasdasdasdasdasdasd', 'Guest Room 1-1756734471', '2025-09-12 15:59:49', 1, '2025-09-12 15:59:49', NULL);
INSERT INTO `item` VALUES (22, 1, 1, 'SAMPLE', 'Guest Room 1-1756734471', '2025-09-12 16:00:51', 1, '2025-09-12 16:00:51', NULL);
INSERT INTO `item` VALUES (23, 1, 1, 'asd', 'Guest Room 1-1756734471', '2025-09-12 16:03:52', 1, '2025-09-12 16:03:52', NULL);
INSERT INTO `item` VALUES (24, 1, 1, 'asd', 'Guest Room 1-1756734471', '2025-09-12 16:10:08', 1, '2025-09-12 16:10:08', NULL);
INSERT INTO `item` VALUES (25, 15, 1, 'Gate', 'Gate1757694720', '2025-09-12 16:32:00', NULL, '2025-09-12 16:32:00', NULL);
INSERT INTO `item` VALUES (26, 1, 1, 'as', 'Guest Room 1-1756734471', '2025-09-12 17:13:23', 1, '2025-09-12 17:13:23', NULL);

-- ----------------------------
-- Table structure for request_items
-- ----------------------------
DROP TABLE IF EXISTS `request_items`;
CREATE TABLE `request_items`  (
  `request_id` bigint unsigned NOT NULL,
  `requestor_id` int(0) NULL DEFAULT NULL,
  `approver` int(0) NULL DEFAULT NULL,
  `area_id` bigint unsigned NOT NULL,
  `building_id` bigint unsigned NOT NULL,
  `item_name` varchar(255) CHARACTER SET utf8mb4 COLLATE utf8mb4_0900_ai_ci NULL DEFAULT NULL,
  `control` varchar(255) CHARACTER SET utf8mb4 COLLATE utf8mb4_0900_ai_ci NULL DEFAULT NULL,
  `description` text CHARACTER SET utf8mb4 COLLATE utf8mb4_0900_ai_ci NULL,
  `status` varchar(50) CHARACTER SET utf8mb4 COLLATE utf8mb4_0900_ai_ci NULL DEFAULT NULL,
  `remarks` text CHARACTER SET utf8mb4 COLLATE utf8mb4_0900_ai_ci NULL,
  `created_at` timestamp(0) NOT NULL DEFAULT CURRENT_TIMESTAMP,
  `created_by` bigint unsigned NULL,
  `updated_at` timestamp(0) NOT NULL DEFAULT CURRENT_TIMESTAMP ON UPDATE CURRENT_TIMESTAMP(0),
  `updated_by` varchar(255) CHARACTER SET utf8mb4 COLLATE utf8mb4_0900_ai_ci NULL DEFAULT NULL,
  PRIMARY KEY (`request_id`) USING BTREE
) ENGINE = InnoDB AUTO_INCREMENT = 10 CHARACTER SET = utf8mb4 COLLATE = utf8mb4_0900_ai_ci ROW_FORMAT = Dynamic;

-- ----------------------------
-- Records of request_items
-- ----------------------------
INSERT INTO `request_items` VALUES (6, 1, NULL, 1, 1, 'sample', 'Guest Room 1-1756734471', 'sample', '0', NULL, '2025-09-11 19:55:45', NULL, '2025-09-11 19:55:45', NULL);
INSERT INTO `request_items` VALUES (7, 1, NULL, 1, 1, 'asd', 'Guest Room 1-1756734471', 'asd', '0', NULL, '2025-09-12 13:26:09', NULL, '2025-09-12 13:26:09', NULL);
INSERT INTO `request_items` VALUES (8, 1, 1, 1, 1, 'as', 'Guest Room 1-1756734471', 'asd', '1', NULL, '2025-09-12 13:26:43', NULL, '2025-09-12 17:13:23', 'CHRISTIAN SAMONTE');
INSERT INTO `request_items` VALUES (10, 1, 1, 1, 1, 'asd', 'Guest Room 1-1756734471', 'asd', '1', NULL, '2025-09-12 14:09:19', NULL, '2025-09-12 14:51:35', 'CHRISTIAN SAMONTE');
INSERT INTO `request_items` VALUES (11, 1, 1, 1, 1, 'asd', 'Guest Room 1-1756734471', 'asd', '1', NULL, '2025-09-12 14:55:34', NULL, '2025-09-12 16:10:08', 'CHRISTIAN SAMONTE');
INSERT INTO `request_items` VALUES (12, 1, 1, 1, 1, 'asd', 'Guest Room 1-1756734471', 'asd', '1', NULL, '2025-09-12 14:56:27', NULL, '2025-09-12 16:03:52', 'CHRISTIAN SAMONTE');
INSERT INTO `request_items` VALUES (13, 1, 1, 1, 1, 'asd', 'Guest Room 1-1756734471', 'asd', '1', NULL, '2025-09-12 15:04:18', NULL, '2025-09-12 16:00:51', 'CHRISTIAN SAMONTE');
INSERT INTO `request_items` VALUES (14, 1, 1, 1, 1, 'asd', 'Guest Room 1-1756734471', 'asd', '1', NULL, '2025-09-12 15:06:37', NULL, '2025-09-12 15:59:49', 'CHRISTIAN SAMONTE');
INSERT INTO `request_items` VALUES (15, 1, 1, 1, 1, 'asd', 'Guest Room 1-1756734471', 'asd', '1', NULL, '2025-09-12 15:07:27', NULL, '2025-09-12 15:59:21', 'CHRISTIAN SAMONTE');
INSERT INTO `request_items` VALUES (16, 1, 1, 1, 1, 'asd', 'Guest Room 1-1756734471', 'asd', '2', 'asdasdas', '2025-09-12 15:07:58', NULL, '2025-09-12 15:58:32', 'CHRISTIAN SAMONTE');
INSERT INTO `request_items` VALUES (17, 1, 1, 1, 1, '123', 'Guest Room 1-1756734471', '123', '1', NULL, '2025-09-12 15:08:26', NULL, '2025-09-12 15:58:14', 'CHRISTIAN SAMONTE');
INSERT INTO `request_items` VALUES (18, 1, 1, 1, 1, 'asd', 'Guest Room 1-1756734471', 'asd', '1', NULL, '2025-09-12 15:10:58', NULL, '2025-09-12 15:57:51', 'CHRISTIAN SAMONTE');
INSERT INTO `request_items` VALUES (19, 1, 1, 1, 1, 'asd', 'Guest Room 1-1756734471', 'asd', '1', NULL, '2025-09-12 15:14:23', NULL, '2025-09-12 15:42:17', 'CHRISTIAN SAMONTE');
INSERT INTO `request_items` VALUES (20, 1, 1, 1, 1, 'asd', 'Guest Room 1-1756734471', 'asd', '1', NULL, '2025-09-12 15:15:25', NULL, '2025-09-12 15:41:15', 'CHRISTIAN SAMONTE');
INSERT INTO `request_items` VALUES (21, 1, 1, 1, 1, 'asd', 'Guest Room 1-1756734471', 'asd', '1', NULL, '2025-09-12 15:15:54', NULL, '2025-09-12 15:33:04', 'CHRISTIAN SAMONTE');
INSERT INTO `request_items` VALUES (22, 1, 1, 1, 1, 'asda', 'Guest Room 1-1756734471', 'asd', '1', NULL, '2025-09-12 15:16:25', NULL, '2025-09-12 15:30:50', 'CHRISTIAN SAMONTE');
INSERT INTO `request_items` VALUES (23, 1, 1, 1, 1, 'GA', 'Guest Room 1-1756734471', 'GA', '1', NULL, '2025-09-12 15:22:39', NULL, '2025-09-12 15:29:04', 'CHRISTIAN SAMONTE');

-- ----------------------------
-- Table structure for section
-- ----------------------------
DROP TABLE IF EXISTS `section`;
CREATE TABLE `section`  (
  `section_id` bigint unsigned NOT NULL,
  `division_id` bigint unsigned NOT NULL,
  `department_id` bigint unsigned NULL,
  `section_name` varchar(255) CHARACTER SET utf8mb4 COLLATE utf8mb4_0900_ai_ci NOT NULL,
  `created_at` timestamp(0) NOT NULL DEFAULT CURRENT_TIMESTAMP,
  `created_by` bigint unsigned NULL,
  `updated_at` timestamp(0) NOT NULL DEFAULT CURRENT_TIMESTAMP ON UPDATE CURRENT_TIMESTAMP(0),
  `updated_by` bigint unsigned NULL,
  PRIMARY KEY (`section_id`) USING BTREE
) ENGINE = InnoDB AUTO_INCREMENT = 2 CHARACTER SET = utf8mb4 COLLATE = utf8mb4_0900_ai_ci ROW_FORMAT = Dynamic;

-- ----------------------------
-- Records of section
-- ----------------------------
INSERT INTO `section` VALUES (1, 1, 1, 'Systems Infrastructure', '2025-09-01 01:47:12', NULL, '2025-09-05 07:16:47', NULL);

-- ----------------------------
-- Table structure for users
-- ----------------------------
DROP TABLE IF EXISTS `users`;
CREATE TABLE `users`  (
  `user_id` int(0) NOT NULL AUTO_INCREMENT,
  `employee_id` varchar(50) CHARACTER SET utf8mb4 COLLATE utf8mb4_unicode_ci NOT NULL,
  `username` varchar(100) CHARACTER SET utf8mb4 COLLATE utf8mb4_unicode_ci NOT NULL,
  `password` varchar(255) CHARACTER SET utf8mb4 COLLATE utf8mb4_unicode_ci NOT NULL,
  `firstname` varchar(100) CHARACTER SET utf8mb4 COLLATE utf8mb4_unicode_ci NOT NULL,
  `lastname` varchar(100) CHARACTER SET utf8mb4 COLLATE utf8mb4_unicode_ci NOT NULL,
  `email` varchar(255) CHARACTER SET utf8mb4 COLLATE utf8mb4_unicode_ci NULL DEFAULT NULL,
  `department_id` int(0) NULL DEFAULT NULL,
  `division_id` int(0) NULL DEFAULT NULL,
  `section_id` int(0) NULL DEFAULT NULL,
  `status` enum('ACTIVE','SUSPENDED') CHARACTER SET utf8mb4 COLLATE utf8mb4_unicode_ci NOT NULL DEFAULT 'ACTIVE',
  `attempt` int unsigned NOT NULL,
  `role` varchar(50) CHARACTER SET utf8mb4 COLLATE utf8mb4_unicode_ci NOT NULL,
  `created_at` datetime(0) NOT NULL DEFAULT CURRENT_TIMESTAMP,
  `updated_at` datetime(0) NOT NULL DEFAULT CURRENT_TIMESTAMP ON UPDATE CURRENT_TIMESTAMP(0),
  PRIMARY KEY (`user_id`) USING BTREE,
  UNIQUE INDEX `employee_id`(`employee_id`) USING BTREE,
  UNIQUE INDEX `username`(`username`) USING BTREE
) ENGINE = InnoDB AUTO_INCREMENT = 7 CHARACTER SET = utf8mb4 COLLATE = utf8mb4_unicode_ci ROW_FORMAT = Dynamic;

-- ----------------------------
-- Records of users
-- ----------------------------
INSERT INTO `users` VALUES (1, '2400062', 'B302400062', '701238b702cc5b346bb583a524954368', 'CHRISTIAN', 'SAMONTE', 'christian.samonte@nidec.com', 1, 1, 1, 'ACTIVE', 0, 'DRI', '2025-09-04 20:02:59', '2025-09-12 13:58:06');
INSERT INTO `users` VALUES (2, '2400052', 'B302400052', 'f3e9075e1facd9b1746f2bd2aa5532d2', 'JHOMELL', 'JASPIO', 'christian.samonte@nidec.com', 2, 1, 1, 'ACTIVE', 0, 'DRI', '2025-09-04 20:03:08', '2025-09-12 14:19:30');
INSERT INTO `users` VALUES (3, '2100802', 'B302100802', '3decf835795b529c8675f40d03314274', 'MARICEL', 'REGIDOR', 'christian.samonte@nidec.com', 1, 1, 1, 'ACTIVE', 0, 'DRI', '2025-09-05 05:13:13', '2025-09-12 13:58:06');
INSERT INTO `users` VALUES (4, '0200595', 'B300200595', '6b26444817820aca398cb05b73761f5c', 'ELMER', 'MAGLANQUE', 'christian.samonte@nidec.com', 1, 1, 1, 'ACTIVE', 0, 'DRI', '2025-09-05 20:57:51', '2025-09-12 13:58:06');
INSERT INTO `users` VALUES (5, '1800290', 'J100093052', 'e398fa73f3e1c19291a018936cdcfbd0', 'ATSUSHI', 'MUKAI', 'christian.samonte@nidec.com', 2, 1, 1, 'ACTIVE', 0, 'DRI', '2025-09-05 14:35:46', '2025-09-12 14:19:32');
INSERT INTO `users` VALUES (6, '2300077', 'B302300077', 'c2d04abdac727e9b0662ca81221667f3', 'SEUS PIOLO', 'MESINA', 'christian.samonte@nidec.com', 1, 1, 1, 'ACTIVE', 0, 'DRI', '2025-09-06 12:04:44', '2025-09-12 13:58:06');

-- ----------------------------
-- Table structure for users_copy1
-- ----------------------------
DROP TABLE IF EXISTS `users_copy1`;
CREATE TABLE `users_copy1`  (
  `user_id` int(0) NOT NULL AUTO_INCREMENT,
  `employee_id` varchar(50) CHARACTER SET utf8mb4 COLLATE utf8mb4_unicode_ci NOT NULL,
  `username` varchar(100) CHARACTER SET utf8mb4 COLLATE utf8mb4_unicode_ci NOT NULL,
  `password` varchar(255) CHARACTER SET utf8mb4 COLLATE utf8mb4_unicode_ci NOT NULL,
  `firstname` varchar(100) CHARACTER SET utf8mb4 COLLATE utf8mb4_unicode_ci NOT NULL,
  `lastname` varchar(100) CHARACTER SET utf8mb4 COLLATE utf8mb4_unicode_ci NOT NULL,
  `email` varchar(255) CHARACTER SET utf8mb4 COLLATE utf8mb4_unicode_ci NULL DEFAULT NULL,
  `department_id` int(0) NULL DEFAULT NULL,
  `division_id` int(0) NULL DEFAULT NULL,
  `section_id` int(0) NULL DEFAULT NULL,
  `status` enum('ACTIVE','SUSPENDED') CHARACTER SET utf8mb4 COLLATE utf8mb4_unicode_ci NOT NULL DEFAULT 'ACTIVE',
  `attempt` int unsigned NOT NULL,
  `role` varchar(50) CHARACTER SET utf8mb4 COLLATE utf8mb4_unicode_ci NOT NULL,
  `created_at` datetime(0) NOT NULL DEFAULT CURRENT_TIMESTAMP,
  `updated_at` datetime(0) NOT NULL DEFAULT CURRENT_TIMESTAMP ON UPDATE CURRENT_TIMESTAMP(0),
  PRIMARY KEY (`user_id`) USING BTREE,
  UNIQUE INDEX `employee_id`(`employee_id`) USING BTREE,
  UNIQUE INDEX `username`(`username`) USING BTREE
) ENGINE = InnoDB AUTO_INCREMENT = 7 CHARACTER SET = utf8mb4 COLLATE = utf8mb4_unicode_ci ROW_FORMAT = Dynamic;

-- ----------------------------
-- Records of users_copy1
-- ----------------------------
INSERT INTO `users_copy1` VALUES (1, '2400062', 'B302400062', '701238b702cc5b346bb583a524954368', 'CHRISTIAN', 'SAMONTE', 'christian.samonte@nidec.com', 1, 1, 1, 'ACTIVE', 0, 'ADMINISTRATOR', '2025-09-04 20:02:59', '2025-09-10 11:13:02');
INSERT INTO `users_copy1` VALUES (2, '2400052', 'B302400052', 'f3e9075e1facd9b1746f2bd2aa5532d2', 'JHOMELL', 'JASPIO', 'jhomell.jaspio@nidec.com', 1, 1, 1, 'ACTIVE', 0, 'ADMINISTRATOR', '2025-09-04 20:03:08', '2025-09-04 20:03:08');
INSERT INTO `users_copy1` VALUES (3, '2100802', 'B302100802', '3decf835795b529c8675f40d03314274', 'MARICEL', 'REGIDOR', 'maricel.regidor1@nidec.com', 1, 1, 1, 'ACTIVE', 0, 'GA', '2025-09-05 05:13:13', '2025-09-12 11:21:06');
INSERT INTO `users_copy1` VALUES (4, '0200595', 'B300200595', '6b26444817820aca398cb05b73761f5c', 'ELMER', 'MAGLANQUE', 'elmer.maglanque@nidec.com', 1, 1, 1, 'ACTIVE', 0, 'ADMINISTRATOR', '2025-09-05 20:57:51', '2025-09-10 08:39:33');
INSERT INTO `users_copy1` VALUES (5, '1800290', 'J100093052', 'e398fa73f3e1c19291a018936cdcfbd0', 'ATSUSHI', 'MUKAI', 'mukai.atsushi@nidec.com', 1, 1, 1, 'ACTIVE', 0, 'ADMINISTRATOR', '2025-09-05 14:35:46', '2025-09-05 14:36:19');
INSERT INTO `users_copy1` VALUES (6, '2300077', 'B302300077', 'c2d04abdac727e9b0662ca81221667f3', 'SEUS PIOLO', 'MESINA', 'seuspiolo.mesina@nidec.com', 1, 1, 1, 'ACTIVE', 0, 'AUDITOR', '2025-09-06 12:04:44', '2025-09-10 10:12:14');

SET FOREIGN_KEY_CHECKS = 1;
